Source,Target
525,1314
525,645
525,218
525,768
525,972
525,505
525,660
525,885
525,445
525,276
525,1204
525,903
525,618
525,539
525,396
525,251
525,129
525,436
525,787
525,957
1314,618
1314,972
1314,1204
1314,367
1314,598
1314,1262
1314,647
1314,768
1314,1011
1314,445
1314,903
1314,645
1314,1402
1314,396
1314,1420
1314,525
1314,276
1314,451
1314,129
1314,101
618,598
618,1262
618,1402
618,647
618,1314
618,903
618,768
618,367
618,631
618,101
618,396
618,938
618,888
618,77
618,1420
618,255
618,451
618,582
618,445
618,574
598,618
598,1262
598,1402
598,647
598,631
598,77
598,1314
598,768
598,1010
598,103
598,903
598,101
598,367
598,1423
598,294
598,445
598,396
598,888
598,973
598,769
1262,1402
1262,618
1262,598
1262,647
1262,101
1262,419
1262,155
1262,133
1262,1314
1262,631
1262,1204
1262,451
1262,122
1262,1170
1262,903
1262,972
1262,441
1262,1423
1262,1420
1262,77
1402,1262
1402,101
1402,1170
1402,618
1402,978
1402,103
1402,647
1402,133
1402,419
1402,122
1402,598
1402,1010
1402,1314
1402,1238
1402,1435
1402,1162
1402,903
1402,1423
1402,1204
1402,1182
101,1402
101,1170
101,978
101,1262
101,122
101,1204
101,252
101,1239
101,103
101,618
101,636
101,1011
101,1384
101,1162
101,133
101,1238
101,1314
101,647
101,155
101,972
1170,1402
1170,101
1170,1262
1170,978
1170,122
1170,424
1170,1239
1170,133
1170,1007
1170,252
1170,1384
1170,980
1170,636
1170,419
1170,1238
1170,1435
1170,451
1170,647
1170,1162
1170,618
978,1239
978,252
978,1402
978,1238
978,8
978,636
978,1384
978,101
978,1170
978,793
978,1182
978,122
978,103
978,179
978,10
978,1435
978,1001
978,133
978,1262
978,168
1239,978
1239,7
1239,8
1239,907
1239,252
1239,80
1239,636
1239,1238
1239,179
1239,1384
1239,1185
1239,1402
1239,793
1239,101
1239,122
1239,1170
1239,141
1239,1001
1239,775
1239,103
252,978
252,793
252,1239
252,1384
252,636
252,8
252,101
252,1402
252,263
252,1170
252,122
252,224
252,1163
252,1238
252,537
252,179
252,814
252,678
252,183
252,1204
1238,978
1238,1402
1238,1239
1238,101
1238,1170
1238,8
1238,1001
1238,122
1238,252
1238,775
1238,821
1238,103
1238,1384
1238,636
1238,1262
1238,1435
1238,202
1238,1162
1238,647
1238,133
8,978
8,1239
8,252
8,7
8,1238
8,179
8,907
8,793
8,636
8,122
8,1384
8,1402
8,1185
8,80
8,101
8,1170
8,736
8,1001
8,141
8,263
636,793
636,978
636,252
636,1384
636,1239
636,537
636,101
636,1402
636,8
636,224
636,263
636,1170
636,1083
636,1010
636,122
636,1007
636,183
636,814
636,1163
636,1238
1384,252
1384,978
1384,636
1384,1239
1384,1077
1384,471
1384,101
1384,793
1384,1170
1384,1402
1384,537
1384,8
1384,224
1384,1238
1384,179
1384,874
1384,263
1384,122
1384,1083
1384,1015
793,252
793,636
793,537
793,263
793,978
793,224
793,1239
793,1384
793,908
793,8
793,907
793,814
793,7
793,1369
793,179
793,101
793,183
793,1015
793,1170
793,1083
1182,168
1182,1402
1182,419
1182,978
1182,1132
1182,1435
1182,10
1182,191
1182,441
1182,1423
1182,1047
1182,1264
1182,442
1182,1262
1182,133
1182,1070
1182,903
1182,518
1182,1275
1182,700
122,1402
122,101
122,1170
122,978
122,1262
122,294
122,775
122,252
122,133
122,647
122,618
122,1238
122,903
122,419
122,1314
122,972
122,1239
122,911
122,8
122,1162
103,1402
103,101
103,618
103,598
103,122
103,1010
103,1262
103,978
103,647
103,1238
103,1162
103,1314
103,574
103,1170
103,769
103,775
103,888
103,252
103,1204
103,133
179,907
179,1239
179,1185
179,7
179,80
179,978
179,8
179,1384
179,252
179,793
179,736
179,636
179,101
179,51
179,1238
179,141
179,977
179,1170
179,221
179,678
10,168
10,191
10,1070
10,903
10,1402
10,1182
10,0
10,1047
10,1423
10,539
10,419
10,155
10,787
10,843
10,582
10,77
10,1262
10,60
10,441
10,978
1435,1402
1435,1262
1435,1182
1435,1170
1435,168
1435,978
1435,10
1435,101
1435,903
1435,133
1435,618
1435,419
1435,255
1435,1238
1435,1070
1435,582
1435,1162
1435,647
1435,636
1435,122
1001,800
1001,1402
1001,775
1001,122
1001,821
1001,1238
1001,978
1001,736
1001,1239
1001,133
1001,202
1001,1162
1001,141
1001,1170
1001,8
1001,101
1001,1262
1001,618
1001,647
1001,481
133,1402
133,1262
133,441
133,419
133,122
133,442
133,1170
133,647
133,618
133,101
133,971
133,1423
133,1204
133,631
133,903
133,972
133,1420
133,598
133,1314
133,1182
168,191
168,0
168,10
168,1182
168,1264
168,553
168,885
168,155
168,480
168,539
168,787
168,903
168,464
168,1047
168,1019
168,60
168,1132
168,339
168,1070
168,518
424,536
424,364
424,1407
424,1406
424,1018
424,239
424,394
424,1133
424,623
424,1007
424,188
424,1170
424,852
424,361
424,1367
424,822
424,262
424,714
424,1338
424,1147
536,424
536,364
536,1406
536,1133
536,623
536,1018
536,1407
536,239
536,1007
536,1338
536,852
536,361
536,1292
536,714
536,822
536,188
536,1367
536,89
536,650
536,915
364,1018
364,394
364,239
364,424
364,1407
364,188
364,852
364,361
364,822
364,1133
364,1406
364,623
364,1341
364,536
364,1147
364,1226
364,415
364,89
364,650
364,714
1407,239
1407,1018
1407,852
1407,361
1407,822
1407,714
1407,394
1407,188
1407,1147
1407,415
1407,623
1407,364
1407,650
1407,89
1407,424
1407,1341
1407,1133
1407,536
1407,915
1407,457
1406,364
1406,1367
1406,424
1406,1133
1406,623
1406,536
1406,1007
1406,262
1406,1018
1406,1407
1406,239
1406,1292
1406,361
1406,1338
1406,852
1406,713
1406,1147
1406,89
1406,188
1406,394
1018,394
1018,239
1018,364
1018,1407
1018,361
1018,188
1018,852
1018,822
1018,714
1018,1226
1018,415
1018,1397
1018,1147
1018,1341
1018,623
1018,713
1018,1295
1018,1291
1018,424
1018,1133
239,1018
239,1407
239,361
239,852
239,394
239,364
239,188
239,822
239,714
239,89
239,415
239,1147
239,623
239,1325
239,424
239,79
239,1341
239,889
239,650
239,1133
394,1018
394,364
394,188
394,822
394,239
394,852
394,1407
394,1147
394,361
394,1341
394,1226
394,415
394,1295
394,1397
394,424
394,714
394,623
394,1325
394,412
394,536
1133,623
1133,1292
1133,1007
1133,364
1133,1407
1133,852
1133,536
1133,1018
1133,239
1133,1406
1133,475
1133,89
1133,424
1133,1367
1133,650
1133,361
1133,915
1133,714
1133,822
1133,889
623,1133
623,1407
623,1292
623,239
623,475
623,1007
623,364
623,1018
623,361
623,650
623,536
623,852
623,1367
623,915
623,714
623,394
623,89
623,1406
623,1147
623,1395
1007,1133
1007,623
1007,1292
1007,475
1007,1047
1007,424
1007,1406
1007,1170
1007,1367
1007,536
1007,1076
1007,1018
1007,1145
1007,1410
1007,980
1007,339
1007,262
1007,718
1007,1123
1007,160
188,394
188,1018
188,1407
188,239
188,361
188,1397
188,415
188,822
188,1147
188,714
188,364
188,852
188,1325
188,1341
188,412
188,623
188,424
188,1295
188,1291
188,1257
852,1407
852,239
852,1018
852,394
852,89
852,822
852,361
852,188
852,714
852,889
852,415
852,1133
852,364
852,1147
852,650
852,623
852,147
852,915
852,1397
852,79
361,239
361,714
361,1018
361,1407
361,188
361,852
361,415
361,822
361,394
361,1397
361,1325
361,1147
361,623
361,364
361,1418
361,1295
361,1177
361,1341
361,650
361,412
1367,1406
1367,623
1367,1007
1367,1133
1367,1292
1367,339
1367,475
1367,424
1367,60
1367,463
1367,368
1367,1047
1367,53
1367,1407
1367,77
1367,492
1367,536
1367,262
1367,1070
1367,1410
822,394
822,1407
822,1018
822,239
822,852
822,361
822,188
822,364
822,714
822,1147
822,415
822,1341
822,1397
822,1226
822,89
822,623
822,412
822,650
822,713
822,1133
262,1406
262,1367
262,424
262,1007
262,1292
262,1133
262,623
262,1220
262,475
262,364
262,1170
262,536
262,492
262,718
262,980
262,1018
262,239
262,1407
262,852
262,1145
714,361
714,1407
714,1018
714,415
714,188
714,239
714,1147
714,852
714,1341
714,650
714,822
714,915
714,623
714,394
714,1133
714,457
714,89
714,536
714,1257
714,1295
1338,536
1338,1406
1338,424
1338,459
1338,1007
1338,258
1338,613
1338,1367
1338,413
1338,1228
1338,303
1338,1420
1338,395
1338,437
1338,152
1338,433
1338,1047
1338,53
1338,1013
1338,452
1147,1341
1147,714
1147,1407
1147,394
1147,364
1147,361
1147,188
1147,1018
1147,415
1147,1295
1147,822
1147,239
1147,1397
1147,1177
1147,650
1147,623
1147,852
1147,1088
1147,424
1147,1406
980,1047
980,475
980,1123
980,1170
980,1395
980,1133
980,1007
980,1410
980,1292
980,368
980,465
980,451
980,1262
980,1367
980,623
980,419
980,339
980,89
980,903
980,1402
1047,160
1047,339
1047,60
1047,464
1047,980
1047,168
1047,475
1047,24
1047,53
1047,903
1047,1123
1047,1007
1047,1410
1047,419
1047,1070
1047,155
1047,1292
1047,553
1047,623
1047,1367
475,1123
475,1395
475,1292
475,623
475,980
475,89
475,1133
475,368
475,652
475,1047
475,58
475,53
475,1410
475,1007
475,889
475,457
475,25
475,915
475,528
475,148
1123,475
1123,1292
1123,58
1123,980
1123,1047
1123,1410
1123,623
1123,652
1123,1133
1123,53
1123,1395
1123,368
1123,167
1123,1069
1123,1007
1123,464
1123,160
1123,1149
1123,24
1123,1220
1395,1394
1395,889
1395,512
1395,457
1395,148
1395,475
1395,25
1395,147
1395,528
1395,1155
1395,623
1395,458
1395,859
1395,89
1395,975
1395,915
1395,246
1395,119
1395,79
1395,1292
1410,160
1410,1069
1410,475
1410,339
1410,53
1410,1220
1410,24
1410,1047
1410,1292
1410,1123
1410,652
1410,1145
1410,167
1410,464
1410,1007
1410,463
1410,718
1410,553
1410,941
1410,1133
1292,623
1292,475
1292,1133
1292,1007
1292,1123
1292,652
1292,915
1292,1367
1292,89
1292,1410
1292,1407
1292,368
1292,339
1292,1395
1292,53
1292,980
1292,1047
1292,1406
1292,536
1292,1076
368,475
368,1292
368,1367
368,1123
368,1047
368,623
368,60
368,652
368,1133
368,980
368,53
368,1395
368,915
368,339
368,1007
368,1406
368,58
368,1410
368,463
368,889
465,1163
465,1356
465,1369
465,1220
465,980
465,1123
465,224
465,1111
465,1007
465,1047
465,1103
465,475
465,1450
465,1130
465,947
465,737
465,1410
465,593
465,814
465,1249
451,1262
451,1204
451,903
451,618
451,1420
451,647
451,155
451,1314
451,972
451,1402
451,168
451,1070
451,582
451,1170
451,77
451,101
451,768
451,367
451,980
451,1047
419,1402
419,1262
419,903
419,1423
419,1182
419,155
419,441
419,133
419,168
419,1047
419,439
419,618
419,442
419,647
419,122
419,631
419,1070
419,516
419,10
419,598
339,1145
339,171
339,553
339,718
339,1047
339,1070
339,1069
339,697
339,1410
339,160
339,1292
339,1207
339,60
339,400
339,1430
339,575
339,0
339,168
339,652
339,1367
89,889
89,147
89,852
89,732
89,239
89,1407
89,512
89,246
89,25
89,915
89,1394
89,1395
89,650
89,1053
89,79
89,475
89,623
89,1018
89,457
89,361
903,618
903,1420
903,972
903,631
903,1047
903,768
903,1423
903,1070
903,387
903,10
903,1402
903,419
903,647
903,168
903,155
903,1314
903,1262
903,276
903,607
903,451
647,618
647,1402
647,1262
647,598
647,133
647,1314
647,903
647,631
647,77
647,1423
647,122
647,101
647,768
647,367
647,396
647,451
647,1204
647,419
647,972
647,1420
631,1423
631,938
631,607
631,618
631,387
631,441
631,1451
631,598
631,1101
631,396
631,439
631,1233
631,442
631,764
631,903
631,1262
631,647
631,133
631,1402
631,768
77,843
77,445
77,463
77,973
77,957
77,618
77,1445
77,831
77,768
77,598
77,505
77,1287
77,647
77,1463
77,921
77,903
77,21
77,850
77,1262
77,1230
1423,631
1423,439
1423,441
1423,1101
1423,442
1423,387
1423,516
1423,1402
1423,903
1423,419
1423,91
1423,607
1423,764
1423,1233
1423,875
1423,647
1423,598
1423,618
1423,10
1423,1182
768,445
768,1420
768,618
768,938
768,903
768,850
768,396
768,1040
768,660
768,539
768,1314
768,77
768,251
768,598
768,1013
768,276
768,298
768,20
768,645
768,647
367,1420
367,618
367,134
367,255
367,971
367,848
367,582
367,1314
367,911
367,1316
367,598
367,1262
367,645
367,647
367,1013
367,768
367,972
367,326
367,294
367,903
396,938
396,112
396,437
396,1081
396,967
396,660
396,768
396,618
396,1451
396,1040
396,445
396,393
396,631
396,887
396,888
396,129
396,607
396,307
396,903
396,943
1204,155
1204,972
1204,1011
1204,1314
1204,101
1204,1262
1204,645
1204,1402
1204,618
1204,451
1204,100
1204,218
1204,525
1204,903
1204,647
1204,1420
1204,768
1204,276
1204,251
1204,518
972,1204
972,1314
972,645
972,618
972,155
972,1262
972,1011
972,218
972,903
972,525
972,1420
972,251
972,768
972,367
972,505
972,647
972,451
972,276
972,281
972,100
1420,1013
1420,938
1420,445
1420,20
1420,310
1420,768
1420,367
1420,645
1420,582
1420,618
1420,903
1420,255
1420,134
1420,1040
1420,1342
1420,613
1420,251
1420,967
1420,971
1420,607
1162,1402
1162,101
1162,618
1162,1170
1162,1262
1162,1001
1162,122
1162,133
1162,647
1162,598
1162,103
1162,1314
1162,202
1162,1010
1162,775
1162,631
1162,574
1162,1435
1162,1238
1162,978
202,1402
202,574
202,1001
202,888
202,1097
202,1162
202,618
202,101
202,1170
202,384
202,385
202,122
202,134
202,255
202,367
202,775
202,1238
202,1175
202,978
202,647
1010,598
1010,1402
1010,618
1010,647
1010,72
1010,294
1010,103
1010,1262
1010,122
1010,903
1010,101
1010,911
1010,636
1010,1314
1010,690
1010,133
1010,875
1010,1162
1010,1170
1010,236
775,821
775,776
775,122
775,800
775,1001
775,1402
775,1238
775,1170
775,978
775,1162
775,101
775,618
775,1262
775,133
775,1239
775,647
775,598
775,481
775,103
775,367
574,888
574,428
574,1321
574,1097
574,1233
574,1050
574,554
574,1431
574,923
574,559
574,660
574,1081
574,129
574,618
574,396
574,608
574,422
574,1444
574,1314
574,28
1011,1204
1011,972
1011,1314
1011,101
1011,618
1011,1402
1011,155
1011,1262
1011,645
1011,122
1011,647
1011,451
1011,252
1011,100
1011,281
1011,978
1011,1420
1011,768
1011,598
1011,787
155,1204
155,1262
155,972
155,168
155,903
155,516
155,1314
155,464
155,618
155,451
155,1019
155,645
155,885
155,1011
155,539
155,1420
155,768
155,276
155,251
155,419
516,276
516,1423
516,464
516,155
516,429
516,441
516,539
516,1019
516,903
516,387
516,1362
516,33
516,442
516,168
516,191
516,660
516,768
516,957
516,764
516,1204
464,516
464,160
464,1047
464,155
464,1019
464,553
464,168
464,339
464,53
464,1123
464,48
464,429
464,1410
464,60
464,539
464,24
464,1132
464,903
464,1458
464,475
1019,1131
1019,1362
1019,1463
1019,0
1019,1436
1019,922
1019,843
1019,719
1019,516
1019,464
1019,155
1019,553
1019,328
1019,21
1019,595
1019,381
1019,1014
1019,480
1019,463
1019,1039
645,525
645,1306
645,1314
645,1420
645,972
645,505
645,218
645,1211
645,251
645,274
645,445
645,333
645,885
645,768
645,436
645,326
645,1013
645,660
645,831
645,1382
885,168
885,787
885,525
885,1314
885,660
885,1204
885,972
885,155
885,768
885,618
885,505
885,191
885,396
885,957
885,539
885,1262
885,218
885,645
885,598
885,903
539,660
539,768
539,448
539,463
539,516
539,843
539,168
539,1230
539,903
539,191
539,599
539,276
539,957
539,429
539,850
539,1445
539,921
539,1019
539,77
539,1420
276,516
276,768
276,850
276,445
276,903
276,957
276,838
276,100
276,539
276,709
276,1314
276,21
276,972
276,333
276,387
276,1204
276,1362
276,525
276,155
276,1423
251,20
251,938
251,967
251,1420
251,1013
251,768
251,1040
251,445
251,972
251,645
251,298
251,1314
251,943
251,166
251,396
251,850
251,390
251,226
251,853
251,618
100,474
100,1463
100,276
100,709
100,1204
100,1041
100,1314
100,1436
100,333
100,1030
100,957
100,838
100,63
100,21
100,972
100,768
100,1387
100,911
100,1332
100,618
474,63
474,21
474,207
474,1463
474,1362
474,1041
474,100
474,1151
474,838
474,850
474,1363
474,595
474,843
474,837
474,1312
474,1436
474,1039
474,23
474,1019
474,709
1463,1362
1463,595
1463,1039
1463,1019
1463,21
1463,843
1463,207
1463,1041
1463,472
1463,1332
1463,649
1463,63
1463,748
1463,1131
1463,719
1463,474
1463,1061
1463,1363
1463,1436
1463,771
709,21
709,100
709,1436
709,276
709,1041
709,1463
709,1362
709,333
709,1363
709,1332
709,838
709,850
709,837
709,957
709,516
709,63
709,847
709,1019
709,1151
709,972
1041,1362
1041,1463
1041,207
1041,63
1041,474
1041,709
1041,21
1041,595
1041,850
1041,1436
1041,1019
1041,837
1041,100
1041,1363
1041,838
1041,719
1041,1332
1041,1151
1041,276
1041,1061
1436,1019
1436,1463
1436,328
1436,922
1436,1362
1436,709
1436,719
1436,1332
1436,1131
1436,100
1436,276
1436,1041
1436,21
1436,1363
1436,155
1436,474
1436,737
1436,259
1436,850
1436,1014
333,838
333,689
333,63
333,479
333,326
333,1351
333,445
333,1314
333,100
333,21
333,276
333,1151
333,850
333,972
333,645
333,709
333,747
333,911
333,768
333,930
1030,737
1030,593
1030,572
1030,740
1030,1310
1030,922
1030,216
1030,1131
1030,1014
1030,752
1030,1302
1030,149
1030,1436
1030,100
1030,491
1030,719
1030,1356
1030,1463
1030,328
1030,177
957,843
957,21
957,77
957,445
957,831
957,276
957,505
957,539
957,850
957,768
957,1463
957,463
957,1204
957,436
957,1445
957,1151
957,837
957,1230
957,100
957,838
838,850
838,333
838,63
838,1151
838,207
838,842
838,21
838,276
838,445
838,479
838,837
838,1463
838,689
838,957
838,1041
838,474
838,1126
838,831
838,841
838,709
63,207
63,21
63,474
63,1463
63,333
63,838
63,836
63,595
63,1041
63,1312
63,1151
63,850
63,1362
63,1363
63,837
63,477
63,842
63,797
63,1332
63,843
21,843
21,1463
21,847
21,1363
21,837
21,1332
21,831
21,595
21,1362
21,63
21,957
21,474
21,836
21,850
21,838
21,1151
21,77
21,1144
21,23
21,709
1387,933
1387,51
1387,700
1387,155
1387,1204
1387,100
1387,935
1387,618
1387,1314
1387,1469
1387,540
1387,972
1387,1262
1387,276
1387,598
1387,1128
1387,768
1387,1011
1387,77
1387,1357
911,294
911,875
911,479
911,806
911,18
911,996
911,930
911,896
911,215
911,747
911,314
911,326
911,592
911,689
911,677
911,995
911,1059
911,2
911,778
911,321
1332,1463
1332,1363
1332,21
1332,328
1332,836
1332,847
1332,922
1332,1144
1332,649
1332,1436
1332,837
1332,1362
1332,381
1332,100
1332,709
1332,719
1332,843
1332,62
1332,1041
1332,595
281,930
281,911
281,972
281,645
281,1314
281,875
281,1204
281,493
281,367
281,100
281,276
281,251
281,479
281,155
281,326
281,333
281,294
281,18
281,592
281,1011
930,911
930,281
930,479
930,896
930,18
930,326
930,875
930,294
930,367
930,592
930,321
930,333
930,689
930,1020
930,747
930,1314
930,972
930,125
930,618
930,742
875,314
875,215
875,911
875,996
875,18
875,275
875,806
875,294
875,677
875,253
875,778
875,930
875,36
875,1229
875,1126
875,479
875,1059
875,335
875,91
875,896
493,467
493,310
493,1420
493,1421
493,645
493,1037
493,807
493,930
493,367
493,911
493,1342
493,612
493,848
493,997
493,326
493,1059
493,281
493,867
493,972
493,479
479,911
479,689
479,896
479,294
479,747
479,1059
479,314
479,18
479,326
479,778
479,215
479,333
479,677
479,2
479,996
479,875
479,930
479,997
479,1020
479,838
326,911
326,479
326,747
326,592
326,930
326,294
326,333
326,367
326,689
326,618
326,896
326,18
326,1314
326,170
326,2
326,598
326,647
326,178
326,838
326,36
294,911
294,806
294,896
294,689
294,479
294,18
294,677
294,122
294,875
294,72
294,996
294,747
294,326
294,215
294,930
294,2
294,778
294,581
294,330
294,178
18,996
18,911
18,875
18,215
18,479
18,294
18,689
18,314
18,677
18,896
18,36
18,930
18,747
18,778
18,416
18,321
18,275
18,806
18,326
18,742
592,798
592,911
592,326
592,356
592,125
592,479
592,930
592,180
592,294
592,335
592,806
592,1115
592,995
592,170
592,1105
592,367
592,1026
592,2
592,875
592,1427
787,168
787,618
787,1402
787,885
787,1262
787,191
787,1314
787,903
787,1204
787,768
787,10
787,1420
787,972
787,255
787,155
787,647
787,660
787,582
787,598
787,574
191,168
191,0
191,10
191,346
191,1182
191,1321
191,1264
191,539
191,480
191,441
191,553
191,843
191,599
191,787
191,442
191,1019
191,660
191,700
191,903
191,339
255,134
255,1420
255,582
255,522
255,1316
255,367
255,618
255,1402
255,848
255,384
255,903
255,1262
255,1013
255,768
255,971
255,1342
255,787
255,647
255,237
255,888
660,393
660,396
660,1321
660,768
660,599
660,559
660,539
660,903
660,346
660,921
660,618
660,1040
660,708
660,448
660,191
660,1431
660,129
660,554
660,888
660,422
582,255
582,1420
582,618
582,367
582,1316
582,1402
582,903
582,134
582,848
582,1262
582,10
582,768
582,522
582,1013
582,1070
582,647
582,133
582,451
582,384
582,1342
441,442
441,1423
441,439
441,419
441,516
441,133
441,631
441,1182
441,1101
441,155
441,1262
441,168
441,191
441,1132
441,91
441,1402
441,903
441,518
441,135
441,387
442,441
442,1423
442,439
442,133
442,419
442,516
442,1262
442,631
442,191
442,1182
442,1101
442,155
442,168
442,1402
442,91
442,618
442,1132
442,903
442,518
442,598
439,1423
439,631
439,441
439,1101
439,442
439,1402
439,419
439,598
439,618
439,1262
439,516
439,1233
439,607
439,518
439,91
439,903
439,133
439,1182
439,875
439,764
1101,1423
1101,439
1101,631
1101,441
1101,442
1101,607
1101,1233
1101,618
1101,387
1101,91
1101,598
1101,396
1101,903
1101,191
1101,1402
1101,419
1101,133
1101,875
1101,1050
1101,518
607,938
607,631
607,1451
607,967
607,943
607,1013
607,387
607,226
607,307
607,1081
607,443
607,618
607,396
607,1420
607,1040
607,903
607,904
607,614
607,1359
607,764
1233,631
1233,1050
1233,574
1233,888
1233,554
1233,559
1233,1423
1233,1175
1233,1101
1233,1097
1233,1321
1233,387
1233,608
1233,618
1233,1431
1233,607
1233,1081
1233,422
1233,428
1233,660
387,764
387,631
387,1343
387,607
387,903
387,1423
387,516
387,660
387,1349
387,768
387,539
387,429
387,276
387,1233
387,1339
387,938
387,445
387,396
387,298
387,559
91,1229
91,1423
91,631
91,136
91,875
91,441
91,1244
91,314
91,135
91,442
91,1126
91,439
91,1101
91,215
91,728
91,313
91,677
91,253
91,607
91,792
1050,559
1050,1081
1050,608
1050,1431
1050,888
1050,554
1050,52
1050,1113
1050,1042
1050,1396
1050,1175
1050,1233
1050,574
1050,243
1050,1321
1050,1444
1050,1110
1050,567
1050,396
1050,393
518,155
518,631
518,903
518,441
518,191
518,168
518,516
518,1204
518,1047
518,1420
518,1402
518,1262
518,967
518,539
518,618
518,396
518,442
518,768
518,251
518,1264
764,387
764,631
764,1343
764,607
764,516
764,1423
764,903
764,941
764,464
764,160
764,1420
764,155
764,1349
764,539
764,511
764,276
764,24
764,853
764,20
764,298
1343,1349
1343,1339
1343,387
1343,482
1343,116
1343,1112
1343,173
1343,1116
1343,764
1343,646
1343,511
1343,123
1343,113
1343,484
1343,1474
1343,631
1343,308
1343,1423
1343,1078
1343,516
941,614
941,991
941,938
941,967
941,24
941,53
941,968
941,160
941,20
941,1420
941,118
941,488
941,943
941,853
941,613
941,1013
941,904
941,437
941,258
941,166
160,24
160,47
160,1410
160,1047
160,853
160,464
160,941
160,53
160,403
160,166
160,34
160,644
160,614
160,448
160,258
160,968
160,1013
160,390
160,1437
160,60
1349,1339
1349,173
1349,1343
1349,1112
1349,1346
1349,1474
1349,485
1349,484
1349,1337
1349,1116
1349,270
1349,116
1349,1348
1349,1347
1349,976
1349,123
1349,482
1349,97
1349,296
1349,1065
511,1343
511,1349
511,24
511,482
511,387
511,1339
511,308
511,116
511,764
511,160
511,1410
511,1047
511,646
511,631
511,60
511,123
511,489
511,113
511,1123
511,1423
24,47
24,160
24,403
24,614
24,853
24,166
24,1156
24,938
24,34
24,1013
24,644
24,941
24,968
24,390
24,372
24,377
24,943
24,1437
24,169
24,226
853,47
853,166
853,938
853,1013
853,24
853,943
853,403
853,390
853,1156
853,226
853,160
853,298
853,34
853,1040
853,1420
853,20
853,377
853,644
853,169
853,1437
20,938
20,967
20,1420
20,1013
20,251
20,943
20,166
20,1040
20,169
20,853
20,298
20,445
20,614
20,768
20,226
20,904
20,1451
20,941
20,390
20,1081
298,445
298,938
298,166
298,943
298,390
298,1013
298,853
298,850
298,307
298,20
298,1040
298,768
298,47
298,1156
298,1359
298,1283
298,226
298,251
298,1420
298,24
1132,1166
1132,168
1132,48
1132,1182
1132,1047
1132,441
1132,464
1132,1423
1132,191
1132,160
1132,1067
1132,516
1132,419
1132,0
1132,60
1132,1450
1132,155
1132,53
1132,518
1132,903
1166,1132
1166,48
1166,1067
1166,1260
1166,1317
1166,588
1166,1258
1166,1447
1166,53
1166,518
1166,168
1166,1120
1166,1423
1166,191
1166,254
1166,1047
1166,464
1166,441
1166,1019
1166,160
48,1166
48,464
48,1019
48,1132
48,0
48,516
48,160
48,168
48,191
48,155
48,1258
48,553
48,1458
48,539
48,429
48,1131
48,463
48,1362
48,1067
48,1260
1067,1260
1067,594
1067,145
1067,588
1067,1311
1067,31
1067,735
1067,1317
1067,1166
1067,1073
1067,360
1067,666
1067,527
1067,1441
1067,1223
1067,784
1067,1378
1067,1066
1067,279
1067,1058
1260,1142
1260,1258
1260,1317
1260,667
1260,530
1260,1281
1260,879
1260,1149
1260,1259
1260,1345
1260,1139
1260,523
1260,1067
1260,289
1260,284
1260,857
1260,279
1260,1166
1260,704
1260,594
1317,1260
1317,744
1317,1441
1317,1443
1317,594
1317,405
1317,279
1317,879
1317,1247
1317,254
1317,667
1317,610
1317,1378
1317,14
1317,1447
1317,217
1317,611
1317,1073
1317,857
1317,530
588,594
588,735
588,1066
588,1303
588,1378
588,1441
588,1058
588,666
588,784
588,145
588,1317
588,1067
588,1223
588,1260
588,527
588,1311
588,277
588,868
588,1073
588,905
1258,1260
1258,1142
1258,1149
1258,1139
1258,1345
1258,284
1258,704
1258,1281
1258,530
1258,523
1258,1317
1258,1439
1258,667
1258,879
1258,289
1258,331
1258,342
1258,425
1258,1166
1258,1259
1447,726
1447,260
1447,610
1447,407
1447,611
1447,228
1447,225
1447,951
1447,893
1447,1443
1447,1434
1447,1247
1447,1023
1447,744
1447,1169
1447,1120
1447,217
1447,1317
1447,432
1447,1460
53,258
53,941
53,160
53,463
53,1395
53,1410
53,614
53,340
53,475
53,1047
53,968
53,24
53,889
53,60
53,1375
53,1123
53,54
53,1367
53,1292
53,464
1120,772
1120,945
1120,949
1120,892
1120,744
1120,1443
1120,1247
1120,1222
1120,1460
1120,254
1120,1335
1120,1447
1120,260
1120,408
1120,217
1120,407
1120,232
1120,1317
1120,610
1120,55
254,1443
254,1247
254,1317
254,945
254,1120
254,744
254,407
254,1441
254,217
254,1461
254,55
254,772
254,1460
254,323
254,1222
254,260
254,1447
254,250
254,951
254,726
0,1019
0,553
0,191
0,168
0,1131
0,339
0,480
0,700
0,843
0,718
0,1362
0,1145
0,10
0,1014
0,697
0,1178
0,1463
0,737
0,464
0,1070
553,339
553,0
553,718
553,1145
553,843
553,1019
553,168
553,191
553,700
553,480
553,1131
553,464
553,1196
553,1070
553,697
553,463
553,1047
553,1107
553,1069
553,60
1131,1014
1131,719
1131,593
1131,707
1131,922
1131,177
1131,491
1131,229
1131,1310
1131,780
1131,1019
1131,149
1131,572
1131,946
1131,1234
1131,737
1131,449
1131,695
1131,1052
1131,654
480,168
480,0
480,191
480,553
480,339
480,1019
480,1362
480,718
480,843
480,700
480,1463
480,1131
480,1061
480,463
480,1196
480,1445
480,595
480,429
480,599
480,649
700,933
700,1387
700,51
700,339
700,168
700,553
700,191
700,0
700,718
700,935
700,1182
700,1047
700,510
700,480
700,1128
700,1469
700,295
700,1019
700,1070
700,155
843,1463
843,21
843,472
843,1445
843,463
843,77
843,1039
843,1230
843,595
843,1196
843,1362
843,957
843,1019
843,553
843,831
843,1144
843,339
843,539
843,748
843,429
718,400
718,668
718,1145
718,590
718,575
718,1207
718,339
718,1103
718,697
718,1107
718,562
718,553
718,738
718,1430
718,1358
718,1131
718,1220
718,0
718,1070
718,1331
1362,1019
1362,1463
1362,595
1362,649
1362,1061
1362,21
1362,843
1362,207
1362,1041
1362,1363
1362,1332
1362,836
1362,1039
1362,719
1362,381
1362,748
1362,474
1362,850
1362,1436
1362,276
1145,400
1145,718
1145,339
1145,1430
1145,668
1145,1207
1145,1103
1145,575
1145,1107
1145,553
1145,697
1145,590
1145,738
1145,171
1145,562
1145,1069
1145,876
1145,1052
1145,1292
1145,1410
1014,593
1014,1310
1014,229
1014,922
1014,1234
1014,1131
1014,707
1014,149
1014,177
1014,737
1014,449
1014,1356
1014,780
1014,259
1014,491
1014,293
1014,1103
1014,654
1014,719
1014,365
697,718
697,1145
697,400
697,1107
697,668
697,575
697,738
697,339
697,590
697,1103
697,1358
697,562
697,553
697,0
697,1052
697,1430
697,1131
697,593
697,1207
697,1083
1178,1052
1178,1131
1178,495
1178,695
1178,780
1178,654
1178,1019
1178,0
1178,719
1178,718
1178,1145
1178,1103
1178,649
1178,1014
1178,553
1178,447
1178,177
1178,480
1178,863
1178,1196
737,593
737,1014
737,1310
737,1356
737,149
737,449
737,707
737,229
737,177
737,1103
737,572
737,216
737,1131
737,1083
737,1119
737,738
737,259
737,1302
737,946
737,922
1070,339
1070,168
1070,10
1070,903
1070,718
1070,1047
1070,553
1070,60
1070,191
1070,1145
1070,160
1070,760
1070,1262
1070,843
1070,1182
1070,77
1070,1402
1070,419
1070,451
1070,582
60,1047
60,339
60,168
60,463
60,1070
60,77
60,160
60,464
60,903
60,419
60,1423
60,191
60,553
60,53
60,1367
60,10
60,387
60,1182
60,1410
60,441
463,1445
463,843
463,1196
463,77
463,1230
463,429
463,921
463,445
463,1019
463,1463
463,34
463,21
463,258
463,60
463,831
463,53
463,539
463,957
463,448
463,344
1450,1047
1450,155
1450,1292
1450,814
1450,1132
1450,60
1450,1182
1450,464
1450,160
1450,224
1450,1019
1450,0
1450,1007
1450,475
1450,737
1450,168
1450,339
1450,1458
1450,700
1450,980
814,224
814,1369
814,1015
814,1356
814,1083
814,593
814,1469
814,263
814,737
814,793
814,1310
814,1111
814,216
814,1119
814,1282
814,149
814,908
814,354
814,252
814,1302
224,1369
224,1083
224,814
224,1356
224,738
224,593
224,1310
224,1103
224,793
224,737
224,1111
224,590
224,263
224,537
224,1249
224,1358
224,1015
224,707
224,449
224,216
1458,593
1458,1131
1458,1019
1458,1014
1458,1310
1458,1119
1458,155
1458,737
1458,1436
1458,149
1458,328
1458,293
1458,259
1458,464
1458,707
1458,1356
1458,449
1458,0
1458,922
1458,177
135,1386
135,91
135,441
135,136
135,1423
135,1099
135,442
135,1129
135,439
135,1101
135,329
135,419
135,631
135,875
135,1275
135,1274
135,314
135,1043
135,1272
135,1233
1386,135
1386,1423
1386,441
1386,442
1386,439
1386,1099
1386,91
1386,631
1386,487
1386,419
1386,1101
1386,1043
1386,369
1386,329
1386,1182
1386,679
1386,496
1386,1129
1386,875
1386,1276
1099,794
1099,135
1099,1423
1099,91
1099,875
1099,329
1099,1101
1099,631
1099,441
1099,1100
1099,1126
1099,1233
1099,314
1099,1097
1099,122
1099,439
1099,923
1099,647
1099,136
1099,442
794,1099
794,91
794,1100
794,1171
794,1101
794,1255
794,994
794,944
794,313
794,135
794,875
794,215
794,440
794,1423
794,1183
794,136
794,821
794,439
794,1426
794,631
329,875
329,1423
329,1126
329,631
329,728
329,215
329,91
329,36
329,618
329,1262
329,314
329,677
329,647
329,1402
329,598
329,122
329,441
329,877
329,419
329,133
1100,569
1100,1274
1100,135
1100,600
1100,820
1100,1203
1100,1455
1100,1045
1100,6
1100,958
1100,1048
1100,1237
1100,1136
1100,1096
1100,227
1100,794
1100,509
1100,1129
1100,1423
1100,136
1126,314
1126,36
1126,875
1126,215
1126,143
1126,689
1126,778
1126,838
1126,1423
1126,598
1126,631
1126,677
1126,18
1126,479
1126,728
1126,445
1126,618
1126,647
1126,865
1126,1385
314,875
314,215
314,36
314,1126
314,677
314,996
314,275
314,911
314,18
314,335
314,479
314,778
314,689
314,253
314,294
314,1229
314,1059
314,806
314,930
314,313
1097,1444
1097,884
1097,1175
1097,888
1097,385
1097,574
1097,1141
1097,384
1097,1321
1097,1050
1097,28
1097,638
1097,1233
1097,1193
1097,422
1097,202
1097,418
1097,428
1097,662
1097,129
923,888
923,574
923,428
923,618
923,598
923,1097
923,554
923,28
923,647
923,1321
923,1233
923,631
923,559
923,1175
923,1050
923,396
923,1423
923,875
923,658
923,129
136,728
136,91
136,391
136,1433
136,135
136,875
136,631
136,314
136,313
136,1423
136,1099
136,6
136,602
136,329
136,1229
136,1101
136,253
136,215
136,1024
136,1244
487,1386
487,439
487,1423
487,441
487,631
487,1099
487,442
487,1101
487,419
487,1182
487,1043
487,516
487,1132
487,647
487,518
487,60
487,329
487,191
487,1047
487,133
1043,168
1043,1275
1043,191
1043,1044
1043,441
1043,1182
1043,1132
1043,1423
1043,480
1043,1129
1043,0
1043,516
1043,442
1043,1362
1043,1166
1043,1019
1043,700
1043,1274
1043,155
1043,439
369,1276
369,496
369,1043
369,1129
369,1386
369,469
369,1275
369,305
369,679
369,1423
369,985
369,1272
369,135
369,1372
369,1182
369,441
369,442
369,1287
369,1274
369,1044
1276,369
1276,305
1276,985
1276,1440
1276,469
1276,986
1276,1231
1276,1390
1276,1416
1276,823
1276,135
1276,828
1276,1129
1276,1043
1276,1386
1276,679
1276,318
1276,1101
1276,292
1276,1470
496,1416
496,369
496,679
496,441
496,1423
496,442
496,439
496,1386
496,1099
496,135
496,519
496,1276
496,631
496,329
496,91
496,1101
496,1043
496,1353
496,680
496,214
1129,554
1129,486
1129,393
1129,973
1129,346
1129,1321
1129,191
1129,469
1129,682
1129,559
1129,708
1129,1423
1129,1431
1129,1385
1129,1050
1129,660
1129,921
1129,461
1129,1455
1129,1101
469,1372
469,1390
469,986
469,1275
469,985
469,1129
469,1366
469,1440
469,346
469,750
469,157
469,1287
469,1231
469,191
469,973
469,616
469,77
469,1455
469,708
469,1445
1275,1274
1275,1043
1275,168
1275,191
1275,469
1275,1182
1275,1352
1275,0
1275,1000
1275,700
1275,10
1275,339
1275,553
1275,480
1275,1435
1275,789
1275,1264
1275,135
1275,305
1275,787
305,1275
305,1276
305,469
305,1043
305,369
305,986
305,1274
305,508
305,1129
305,1231
305,774
305,789
305,1352
305,135
305,1390
305,1372
305,1393
305,985
305,266
305,426
679,1066
679,600
679,1423
679,135
679,1274
679,1237
679,319
679,496
679,1416
679,1180
679,1386
679,6
679,369
679,277
679,631
679,1043
679,439
679,1067
679,441
679,984
985,973
985,346
985,292
985,486
985,1129
985,1390
985,77
985,469
985,1372
985,157
985,823
985,1287
985,1440
985,682
985,393
985,986
985,708
985,921
985,191
985,437
1272,552
1272,441
1272,135
1272,1423
1272,369
1272,439
1272,442
1272,1043
1272,631
1272,191
1272,1129
1272,1182
1272,1101
1272,91
1272,518
1272,419
1272,168
1272,1287
1272,598
1272,329
1372,1125
1372,434
1372,463
1372,469
1372,157
1372,843
1372,1445
1372,1366
1372,1440
1372,1352
1372,985
1372,77
1372,1390
1372,990
1372,346
1372,1463
1372,921
1372,339
1372,1287
1372,1230
1287,77
1287,973
1287,463
1287,60
1287,1423
1287,1402
1287,292
1287,598
1287,647
1287,769
1287,843
1287,1367
1287,1385
1287,618
1287,903
1287,1129
1287,57
1287,469
1287,1262
1287,682
1274,1275
1274,1393
1274,600
1274,1297
1274,1048
1274,1237
1274,936
1274,1043
1274,319
1274,135
1274,299
1274,499
1274,1129
1274,1000
1274,569
1274,554
1274,856
1274,318
1274,1455
1274,1045
1044,1043
1044,1275
1044,168
1044,369
1044,480
1044,1129
1044,1182
1044,442
1044,191
1044,1423
1044,441
1044,439
1044,469
1044,1386
1044,135
1044,0
1044,305
1044,700
1044,419
1044,1274
445,768
445,298
445,850
445,77
445,1420
445,618
445,396
445,1314
445,276
445,938
445,957
445,251
445,505
445,437
445,838
445,333
445,307
445,1040
445,1283
445,598
850,377
850,445
850,1283
850,256
850,768
850,166
850,298
850,838
850,310
850,1151
850,837
850,390
850,34
850,853
850,251
850,276
850,461
850,841
850,1420
850,21
377,403
377,850
377,47
377,98
377,644
377,1437
377,256
377,900
377,166
377,547
377,24
377,34
377,390
377,310
377,1283
377,853
377,160
377,1013
377,1156
377,298
403,47
403,377
403,547
403,644
403,98
403,1437
403,24
403,693
403,166
403,500
403,34
403,390
403,853
403,256
403,160
403,1156
403,1013
403,226
403,1243
403,850
47,403
47,24
47,166
47,390
47,1156
47,938
47,226
47,1437
47,377
47,1013
47,853
47,500
47,614
47,943
47,644
47,160
47,443
47,547
47,34
47,169
166,47
166,390
166,1013
166,938
166,853
166,403
166,943
166,298
166,1156
166,24
166,226
166,850
166,377
166,614
166,34
166,20
166,1359
166,256
166,443
166,1040
390,938
390,943
390,47
390,443
390,1156
390,166
390,1359
390,226
390,614
390,1013
390,853
390,403
390,298
390,256
390,307
390,377
390,1417
390,24
390,968
390,1451
1156,443
1156,943
1156,614
1156,938
1156,1359
1156,226
1156,390
1156,904
1156,968
1156,1013
1156,118
1156,47
1156,1451
1156,1417
1156,897
1156,166
1156,934
1156,325
1156,307
1156,256
938,943
938,443
938,614
938,967
938,1359
938,1451
938,226
938,904
938,1013
938,1156
938,307
938,1040
938,118
938,390
938,94
938,20
938,991
938,1081
938,47
938,968
226,938
226,943
226,443
226,1156
226,1359
226,614
226,47
226,1013
226,1451
226,904
226,390
226,967
226,307
226,166
226,1040
226,1417
226,968
226,118
226,897
226,853
1437,403
1437,47
1437,644
1437,377
1437,98
1437,547
1437,24
1437,160
1437,166
1437,853
1437,34
1437,390
1437,169
1437,850
1437,1013
1437,938
1437,693
1437,298
1437,900
1437,256
1013,938
1013,1420
1013,943
1013,47
1013,226
1013,20
1013,310
1013,166
1013,614
1013,1156
1013,443
1013,967
1013,390
1013,169
1013,1359
1013,904
1013,152
1013,853
1013,1040
1013,1451
500,47
500,403
500,1156
500,762
500,1359
500,226
500,443
500,808
500,943
500,390
500,655
500,860
500,897
500,909
500,1055
500,934
500,1417
500,1102
500,614
500,938
614,943
614,938
614,118
614,991
614,443
614,327
614,1451
614,94
614,1156
614,904
614,1359
614,968
614,488
614,226
614,967
614,47
614,390
614,648
614,1157
614,941
943,938
943,443
943,614
943,1359
943,904
943,118
943,1156
943,1451
943,967
943,991
943,226
943,390
943,968
943,94
943,1013
943,1417
943,327
943,307
943,897
943,47
644,403
644,1437
644,377
644,47
644,98
644,34
644,547
644,24
644,166
644,160
644,850
644,853
644,390
644,1013
644,169
644,256
644,900
644,298
644,152
644,693
443,943
443,938
443,614
443,1359
443,1156
443,1451
443,325
443,118
443,327
443,390
443,235
443,904
443,991
443,934
443,226
443,1417
443,968
443,94
443,1401
443,597
547,403
547,47
547,377
547,644
547,98
547,1437
547,693
547,166
547,24
547,390
547,106
547,1243
547,1124
547,34
547,853
547,1013
547,1156
547,1422
547,226
547,169
34,47
34,403
34,166
34,377
34,644
34,853
34,850
34,24
34,160
34,448
34,463
34,390
34,1437
34,539
34,298
34,445
34,1230
34,98
34,1196
34,1013
169,1013
169,938
169,47
169,20
169,166
169,24
169,853
169,390
169,1420
169,372
169,298
169,251
169,403
169,226
169,943
169,377
169,1040
169,1437
169,904
169,1156
98,403
98,377
98,47
98,644
98,547
98,1437
98,693
98,166
98,34
98,1243
98,390
98,24
98,850
98,853
98,106
98,256
98,900
98,169
98,1013
98,1422
693,1009
693,688
693,1017
693,1243
693,192
693,1079
693,1206
693,403
693,106
693,1280
693,1263
693,952
693,1122
693,1252
693,548
693,156
693,551
693,895
693,932
693,1195
1243,693
1243,688
1243,1017
1243,403
1243,106
1243,1079
1243,1009
1243,192
1243,551
1243,1206
1243,460
1243,1252
1243,1195
1243,156
1243,1263
1243,555
1243,589
1243,1280
1243,98
1243,895
106,693
106,688
106,1017
106,551
106,192
106,1009
106,403
106,1263
106,1243
106,589
106,1079
106,1252
106,460
106,1122
106,895
106,156
106,620
106,1195
106,194
106,555
256,938
256,47
256,443
256,403
256,377
256,850
256,1156
256,943
256,1359
256,390
256,1013
256,166
256,310
256,1283
256,226
256,614
256,853
256,298
256,1417
256,307
900,377
900,403
900,98
900,850
900,644
900,256
900,1437
900,547
900,1116
900,310
900,166
900,1211
900,1420
900,987
900,47
900,1013
900,106
900,93
900,390
900,1285
1422,403
1422,849
1422,47
1422,1124
1422,98
1422,377
1422,547
1422,705
1422,644
1422,1243
1422,1079
1422,762
1422,693
1422,1437
1422,34
1422,106
1422,1102
1422,99
1422,910
1422,1235
310,467
310,493
310,1013
310,1421
310,1420
310,256
310,152
310,612
310,1037
310,850
310,377
310,1342
310,848
310,1012
310,1156
310,645
310,1194
310,166
310,1200
310,768
467,310
467,493
467,1420
467,1421
467,850
467,645
467,1013
467,1342
467,1211
467,1037
467,768
467,377
467,256
467,445
467,900
467,807
467,169
467,152
467,997
467,251
1421,1037
1421,612
1421,1061
1421,310
1421,867
1421,414
1421,493
1421,1090
1421,748
1421,467
1421,866
1421,472
1421,473
1421,850
1421,1012
1421,1420
1421,255
1421,306
1421,377
1421,1196
1342,1420
1342,1013
1342,971
1342,310
1342,938
1342,134
1342,848
1342,1316
1342,367
1342,152
1342,768
1342,493
1342,255
1342,582
1342,226
1342,618
1342,445
1342,645
1342,1040
1342,607
1211,645
1211,850
1211,377
1211,1306
1211,1436
1211,251
1211,811
1211,381
1211,837
1211,1363
1211,525
1211,169
1211,709
1211,768
1211,1332
1211,1420
1211,1437
1211,414
1211,276
1211,972
1037,1421
1037,612
1037,1061
1037,748
1037,310
1037,850
1037,867
1037,473
1037,472
1037,493
1037,414
1037,1463
1037,207
1037,838
1037,1196
1037,837
1037,1151
1037,866
1037,1420
1037,768
807,493
807,310
807,467
807,911
807,473
807,592
807,326
807,170
807,930
807,479
807,1420
807,367
807,867
807,798
807,995
807,337
807,645
807,281
807,335
807,1342
152,1013
152,47
152,310
152,403
152,1156
152,226
152,1420
152,166
152,390
152,24
152,377
152,938
152,1342
152,160
152,644
152,614
152,853
152,547
152,655
152,850
997,2
997,479
997,850
997,333
997,493
997,326
997,963
997,445
997,768
997,972
997,838
997,896
997,1059
997,911
997,645
997,1314
997,100
997,689
997,842
997,618
612,1421
612,1037
612,1061
612,310
612,867
612,850
612,748
612,473
612,207
612,866
612,493
612,1090
612,472
612,414
612,1463
612,768
612,377
612,595
612,1151
612,837
1061,649
1061,1362
1061,1421
1061,595
1061,748
1061,1037
1061,612
1061,1463
1061,866
1061,207
1061,771
1061,1039
1061,472
1061,1196
1061,843
1061,836
1061,1019
1061,850
1061,1363
1061,414
867,1421
867,1037
867,612
867,493
867,310
867,473
867,1420
867,414
867,352
867,768
867,748
867,848
867,134
867,1342
867,255
867,472
867,1061
867,326
867,645
867,170
748,1061
748,595
748,1463
748,472
748,649
748,1362
748,843
748,1037
748,1039
748,207
748,850
748,1363
748,1196
748,612
748,1421
748,473
748,837
748,21
748,771
748,344
473,472
473,1037
473,843
473,21
473,612
473,748
473,1463
473,1421
473,207
473,837
473,867
473,850
473,1061
473,1039
473,595
473,1363
473,1151
473,63
473,708
473,474
207,82
207,273
207,63
207,1463
207,1362
207,595
207,838
207,1041
207,842
207,1151
207,850
207,21
207,1224
207,474
207,1061
207,83
207,748
207,1039
207,771
207,837
866,1061
866,1421
866,612
866,632
866,748
866,1037
866,649
866,595
866,1090
866,207
866,1362
866,414
866,1459
866,306
866,867
866,771
866,1463
866,1041
866,343
866,473
1090,1421
1090,612
1090,543
1090,867
1090,866
1090,343
1090,1037
1090,1399
1090,1012
1090,1061
1090,785
1090,748
1090,310
1090,306
1090,1459
1090,267
1090,1388
1090,1200
1090,414
1090,669
472,843
472,1463
472,1039
472,748
472,473
472,1196
472,1037
472,344
472,21
472,850
472,1061
472,414
472,77
472,463
472,595
472,358
472,1445
472,1031
472,1230
472,1144
414,1421
414,1061
414,1037
414,472
414,748
414,843
414,599
414,612
414,255
414,1196
414,381
414,134
414,1420
414,660
414,867
414,448
414,649
414,768
414,539
414,310
595,836
595,649
595,1362
595,1039
595,1463
595,348
595,1061
595,771
595,748
595,21
595,62
595,207
595,1363
595,843
595,719
595,63
595,960
595,1019
595,1332
595,1041
1151,850
1151,838
1151,21
1151,837
1151,63
1151,207
1151,1463
1151,333
1151,474
1151,957
1151,445
1151,1041
1151,831
1151,842
1151,77
1151,276
1151,1363
1151,1037
1151,595
1151,748
837,21
837,1363
837,850
837,1463
837,838
837,843
837,1151
837,836
837,957
837,847
837,595
837,1332
837,709
837,831
837,748
837,63
837,333
837,1362
837,276
837,1041
848,367
848,255
848,134
848,971
848,618
848,310
848,1316
848,1420
848,582
848,1342
848,522
848,598
848,384
848,768
848,647
848,1417
848,326
848,1013
848,87
848,445
134,255
134,367
134,1420
134,1316
134,848
134,582
134,522
134,1342
134,384
134,618
134,574
134,888
134,1013
134,768
134,493
134,310
134,414
134,237
134,1314
134,825
971,1420
971,1013
971,938
971,367
971,255
971,607
971,848
971,618
971,1451
971,226
971,1316
971,445
971,134
971,967
971,133
971,631
971,904
971,1342
971,20
971,768
1316,1420
1316,255
1316,134
1316,582
1316,971
1316,848
1316,367
1316,522
1316,384
1316,1342
1316,1013
1316,618
1316,133
1316,1005
1316,938
1316,1402
1316,152
1316,768
1316,903
1316,1262
522,255
522,134
522,1316
522,367
522,848
522,1420
522,582
522,384
522,237
522,1005
522,971
522,618
522,1342
522,1402
522,87
522,1323
522,493
522,1013
522,1262
522,152
384,452
384,1175
384,989
384,1005
384,1400
384,884
384,385
384,1141
384,367
384,1316
384,1193
384,413
384,66
384,1118
384,878
384,1097
384,134
384,255
384,971
384,1240
1417,938
1417,943
1417,1359
1417,443
1417,614
1417,1156
1417,904
1417,1451
1417,226
1417,390
1417,1013
1417,150
1417,118
1417,307
1417,1040
1417,967
1417,94
1417,1081
1417,256
1417,968
87,1420
87,367
87,848
87,384
87,134
87,452
87,255
87,971
87,618
87,582
87,1316
87,1013
87,1342
87,1175
87,938
87,522
87,989
87,459
87,903
87,607
1012,1318
1012,1090
1012,1399
1012,1388
1012,468
1012,310
1012,1421
1012,669
1012,1037
1012,1200
1012,493
1012,543
1012,848
1012,200
1012,612
1012,152
1012,1164
1012,506
1012,504
1012,756
1318,1012
1318,1388
1318,1200
1318,310
1318,200
1318,1037
1318,1399
1318,336
1318,848
1318,1323
1318,543
1318,468
1318,989
1318,413
1318,669
1318,1421
1318,1342
1318,493
1318,134
1318,152
1399,1012
1399,920
1399,1414
1399,1421
1399,669
1399,310
1399,543
1399,1037
1399,1388
1399,338
1399,506
1399,309
1399,733
1399,612
1399,1200
1399,1021
1399,1102
1399,748
1399,1061
1399,867
1388,931
1388,1242
1388,1012
1388,1318
1388,309
1388,1399
1388,920
1388,1200
1388,200
1388,506
1388,310
1388,1037
1388,669
1388,336
1388,1102
1388,1124
1388,338
1388,733
1388,74
1388,152
468,1200
468,1012
468,310
468,1342
468,493
468,1318
468,1037
468,1388
468,200
468,1421
468,543
468,669
468,848
468,1164
468,152
468,336
468,867
468,1399
468,1013
468,1420
669,310
669,1012
669,1421
669,152
669,377
669,256
669,909
669,1013
669,1200
669,612
669,43
669,40
669,850
669,1037
669,934
669,1420
669,484
669,1156
669,1417
669,1342
1200,310
1200,468
1200,43
1200,152
1200,1013
1200,1012
1200,848
1200,256
1200,493
1200,1156
1200,1037
1200,612
1200,669
1200,1417
1200,1420
1200,1342
1200,916
1200,443
1200,200
1200,1421
543,1090
543,1012
543,1421
543,1037
543,40
543,310
543,1399
543,866
543,669
543,423
543,493
543,612
543,164
543,414
543,848
543,867
543,1061
543,306
543,134
543,1200
200,1013
200,310
200,514
200,1156
200,1200
200,226
200,152
200,762
200,47
200,1102
200,78
200,655
200,390
200,860
200,934
200,1420
200,237
200,1342
200,443
200,1124
1164,669
1164,310
1164,909
1164,762
1164,43
1164,891
1164,934
1164,152
1164,808
1164,1417
1164,1037
1164,1156
1164,1200
1164,256
1164,98
1164,504
1164,506
1164,848
1164,860
1164,1320
506,762
506,909
506,1102
506,808
506,1320
506,1408
506,934
506,891
506,705
506,655
506,1401
506,1156
506,860
506,500
506,1192
506,443
506,920
506,47
506,1250
506,403
504,402
504,3
504,43
504,503
504,1164
504,1012
504,669
504,502
504,1200
504,64
504,86
504,891
504,823
504,934
504,1465
504,1468
504,44
504,1289
504,1399
504,909
756,1012
756,154
756,237
756,848
756,494
756,310
756,1035
756,366
756,200
756,1200
756,1315
756,379
756,152
756,1089
756,669
756,1208
756,1421
756,504
756,1411
756,1342
1194,310
1194,467
1194,493
1194,1420
1194,1421
1194,1013
1194,377
1194,612
1194,1037
1194,1342
1194,152
1194,850
1194,1012
1194,163
1194,900
1194,848
1194,807
1194,256
1194,971
1194,1284
163,467
163,310
163,1420
163,1194
163,1232
163,1037
163,431
163,152
163,493
163,645
163,120
163,612
163,848
163,795
163,971
163,1421
163,134
163,1013
163,1342
163,367
1284,1283
1284,897
1284,256
1284,443
1284,762
1284,1359
1284,682
1284,1417
1284,1081
1284,226
1284,1151
1284,850
1284,1045
1284,307
1284,919
1284,1040
1284,1156
1284,768
1284,390
1284,461
1283,850
1283,1359
1283,256
1283,298
1283,390
1283,445
1283,166
1283,377
1283,443
1283,461
1283,938
1283,1156
1283,47
1283,403
1283,226
1283,943
1283,307
1283,1040
1283,768
1283,841
1359,943
1359,443
1359,938
1359,614
1359,1156
1359,904
1359,1451
1359,226
1359,967
1359,1417
1359,390
1359,118
1359,968
1359,307
1359,327
1359,1013
1359,991
1359,1040
1359,47
1359,94
904,938
904,614
904,943
904,118
904,443
904,1156
904,1359
904,226
904,1451
904,94
904,967
904,327
904,991
904,968
904,47
904,1013
904,1417
904,488
904,390
904,648
1451,938
1451,614
1451,943
1451,118
1451,443
1451,967
1451,94
1451,1359
1451,904
1451,991
1451,327
1451,1156
1451,226
1451,150
1451,307
1451,1040
1451,607
1451,1081
1451,1013
1451,488
967,938
967,991
967,943
967,118
967,1451
967,614
967,443
967,94
967,1081
967,1359
967,941
967,20
967,1040
967,904
967,488
967,1013
967,383
967,251
967,1420
967,327
118,614
118,991
118,94
118,327
118,943
118,938
118,1451
118,904
118,443
118,488
118,967
118,648
118,1156
118,968
118,1359
118,383
118,1157
118,1417
118,226
118,307
968,614
968,943
968,938
968,1156
968,443
968,991
968,118
968,904
968,1359
968,226
968,941
968,1013
968,47
968,1451
968,1157
968,24
968,390
968,94
968,853
968,897
307,938
307,1359
307,443
307,943
307,614
307,1451
307,226
307,390
307,94
307,1156
307,967
307,1081
307,1417
307,1013
307,298
307,1040
307,904
307,445
307,47
307,607
327,991
327,488
327,94
327,118
327,614
327,943
327,938
327,1451
327,443
327,648
327,904
327,238
327,1227
327,967
327,383
327,1359
327,1157
327,968
327,340
327,235
991,94
991,327
991,488
991,118
991,614
991,938
991,967
991,443
991,943
991,648
991,383
991,1451
991,1227
991,904
991,968
991,941
991,238
991,340
991,1157
991,112
1040,938
1040,943
1040,967
1040,1359
1040,1013
1040,443
1040,20
1040,1081
1040,1451
1040,298
1040,226
1040,1420
1040,853
1040,166
1040,390
1040,614
1040,445
1040,251
1040,1156
1040,396
94,991
94,327
94,118
94,488
94,614
94,383
94,938
94,943
94,1451
94,904
94,648
94,967
94,443
94,340
94,238
94,781
94,1359
94,968
94,1227
94,307
461,1283
461,850
461,842
461,443
461,841
461,1359
461,445
461,1417
461,909
461,973
461,256
461,64
461,390
461,1062
461,307
461,1156
461,43
461,768
461,1385
461,823
842,1224
842,838
842,207
842,82
842,1290
842,461
842,963
842,850
842,63
842,273
842,973
842,22
842,913
842,479
842,1126
842,333
842,1283
842,77
842,1151
842,474
841,850
841,461
841,445
841,1283
841,838
841,1151
841,298
841,1385
841,831
841,256
841,1150
841,842
841,827
841,1126
841,276
841,768
841,77
841,837
841,230
841,957
909,762
909,1250
909,1062
909,1401
909,808
909,934
909,1156
909,1359
909,943
909,823
909,897
909,443
909,1102
909,64
909,655
909,226
909,47
909,256
909,506
909,390
973,769
973,77
973,985
973,842
973,1287
973,1129
973,682
973,461
973,292
973,598
973,1385
973,157
973,445
973,57
973,393
973,921
973,768
973,346
973,1224
973,554
64,839
64,823
64,1062
64,43
64,909
64,934
64,1250
64,461
64,890
64,1283
64,841
64,1401
64,443
64,850
64,762
64,842
64,325
64,256
64,1419
64,897
1062,1401
1062,934
1062,443
1062,909
1062,1419
1062,823
1062,325
1062,64
1062,762
1062,95
1062,890
1062,897
1062,1046
1062,1156
1062,1250
1062,943
1062,1359
1062,235
1062,43
1062,1368
43,64
43,839
43,461
43,1062
43,1150
43,1250
43,823
43,909
43,841
43,934
43,1283
43,842
43,86
43,256
43,1160
43,1037
43,535
43,850
43,102
43,890
1385,973
1385,682
1385,445
1385,461
1385,841
1385,77
1385,1126
1385,1129
1385,1283
1385,768
1385,842
1385,292
1385,838
1385,307
1385,157
1385,598
1385,36
1385,827
1385,850
1385,1287
823,64
823,1062
823,934
823,1401
823,839
823,443
823,890
823,325
823,909
823,1419
823,43
823,762
823,897
823,1359
823,426
823,235
823,943
823,461
823,1250
823,1157
505,445
505,831
505,957
505,525
505,768
505,972
505,77
505,925
505,1314
505,1204
505,276
505,436
505,618
505,838
505,660
505,218
505,843
505,333
505,850
505,539
831,21
831,445
831,77
831,957
831,843
831,505
831,850
831,463
831,768
831,436
831,298
831,276
831,1445
831,921
831,539
831,837
831,1230
831,838
831,1151
831,1463
436,505
436,957
436,831
436,445
436,525
436,925
436,218
436,21
436,645
436,539
436,1327
436,768
436,660
436,1382
436,843
436,921
436,1204
436,972
436,837
436,90
925,887
925,1172
925,129
925,396
925,1382
925,505
925,436
925,1327
925,437
925,1094
925,658
925,660
925,662
925,393
925,665
925,1002
925,921
925,242
925,638
925,90
887,638
887,832
887,1172
887,1094
887,1254
887,708
887,393
887,486
887,1002
887,658
887,242
887,662
887,370
887,925
887,1072
887,715
887,1444
887,751
887,396
887,921
1172,1038
1172,264
1172,887
1172,393
1172,658
1172,832
1172,708
1172,638
1172,242
1172,1153
1172,1095
1172,662
1172,715
1172,1002
1172,1405
1172,1444
1172,1254
1172,1268
1172,921
1172,346
129,396
129,888
129,422
129,662
129,1175
129,574
129,660
129,618
129,1382
129,925
129,1042
129,658
129,393
129,1314
129,1172
129,1431
129,1321
129,428
129,1050
129,1094
1382,1327
1382,887
1382,832
1382,90
1382,129
1382,1094
1382,1172
1382,925
1382,660
1382,396
1382,436
1382,665
1382,218
1382,1379
1382,422
1382,983
1382,708
1382,599
1382,662
1382,437
1327,1382
1327,887
1327,599
1327,660
1327,129
1327,539
1327,436
1327,708
1327,921
1327,525
1327,925
1327,396
1327,832
1327,768
1327,1042
1327,1094
1327,448
1327,1420
1327,645
1327,903
437,383
437,396
437,991
437,94
437,887
437,370
437,938
437,638
437,258
437,967
437,445
437,614
437,393
437,1081
437,340
437,1451
437,307
437,443
437,613
437,112
1094,887
1094,638
1094,1444
1094,1254
1094,1002
1094,832
1094,393
1094,708
1094,1172
1094,1268
1094,658
1094,486
1094,662
1094,242
1094,599
1094,715
1094,346
1094,370
1094,303
1094,1153
658,1172
658,393
658,887
658,1321
658,708
658,715
658,638
658,662
658,1038
658,1094
658,486
658,422
658,346
658,264
658,1405
658,1444
658,1268
658,242
658,825
658,919
662,1444
662,663
662,887
662,1002
662,242
662,1268
662,1172
662,825
662,638
662,884
662,1175
662,1153
662,658
662,264
662,1254
662,129
662,393
662,759
662,1094
662,1405
393,486
393,346
393,1172
393,638
393,887
393,708
393,660
393,1321
393,658
393,921
393,599
393,715
393,1094
393,1444
393,422
393,396
393,919
393,662
393,437
393,1129
665,129
665,90
665,1382
665,1172
665,662
665,759
665,436
665,925
665,825
665,887
665,1327
665,117
665,422
665,264
665,660
665,525
665,396
665,505
665,658
665,218
1002,1254
1002,242
1002,887
1002,638
1002,1268
1002,1444
1002,1153
1002,662
1002,663
1002,1072
1002,1172
1002,1094
1002,1141
1002,832
1002,751
1002,370
1002,884
1002,264
1002,1038
1002,1405
921,708
921,346
921,393
921,887
921,1445
921,448
921,258
921,463
921,1172
921,660
921,599
921,1230
921,486
921,77
921,832
921,539
921,445
921,437
921,843
921,658
242,1254
242,1002
242,887
242,1172
242,662
242,1444
242,663
242,638
242,1153
242,1072
242,1268
242,751
242,370
242,832
242,1038
242,264
242,1094
242,1141
242,1405
242,884
638,1072
638,370
638,1254
638,1175
638,1444
638,751
638,884
638,303
638,715
638,887
638,32
638,486
638,1141
638,26
638,393
638,1405
638,1002
638,1094
638,663
638,1153
90,1382
90,665
90,1172
90,129
90,887
90,436
90,925
90,662
90,759
90,117
90,1327
90,825
90,264
90,422
90,660
90,525
90,599
90,396
90,1002
90,832
218,525
218,972
218,645
218,1314
218,505
218,1204
218,436
218,155
218,885
218,768
218,333
218,251
218,957
218,831
218,445
218,276
218,660
218,274
218,129
218,709
274,505
274,972
274,1204
274,525
274,436
274,1314
274,251
274,768
274,957
274,218
274,660
274,645
274,539
274,885
274,1327
274,445
274,276
274,1382
274,155
274,925
1445,843
1445,463
1445,1230
1445,77
1445,921
1445,708
1445,1463
1445,599
1445,1362
1445,21
1445,1196
1445,346
1445,429
1445,539
1445,191
1445,595
1445,448
1445,1372
1445,1019
1445,831
1230,463
1230,843
1230,1445
1230,539
1230,708
1230,921
1230,34
1230,1463
1230,77
1230,448
1230,1196
1230,599
1230,595
1230,429
1230,258
1230,957
1230,346
1230,1019
1230,660
1230,831
708,887
708,921
708,599
708,393
708,1172
708,346
708,658
708,448
708,715
708,1445
708,1038
708,1094
708,486
708,660
708,832
708,638
708,1230
708,682
708,258
708,1153
448,258
448,34
448,539
448,921
448,599
448,708
448,463
448,160
448,660
448,346
448,768
448,1230
448,166
448,1445
448,393
448,613
448,887
448,168
448,1420
448,437
1196,463
1196,843
1196,748
1196,1463
1196,595
1196,472
1196,339
1196,553
1196,1445
1196,1230
1196,1061
1196,1019
1196,1362
1196,495
1196,429
1196,1410
1196,718
1196,539
1196,160
1196,1069
599,708
599,393
599,346
599,660
599,887
599,921
599,448
599,1321
599,168
599,1445
599,191
599,1327
599,1094
599,486
599,1172
599,539
599,658
599,843
599,1230
599,463
429,463
429,516
429,539
429,843
429,276
429,464
429,1019
429,1362
429,1445
429,957
429,1230
429,387
429,1463
429,21
429,168
429,850
429,831
429,60
429,1196
429,33
258,383
258,53
258,340
258,370
258,437
258,346
258,614
258,448
258,941
258,991
258,882
258,26
258,921
258,393
258,613
258,1264
258,463
258,638
258,1375
258,708
346,393
346,921
346,708
346,486
346,258
346,887
346,638
346,599
346,191
346,660
346,1321
346,448
346,715
346,1172
346,1094
346,658
346,370
346,396
346,1129
346,1445
888,574
888,1050
888,1175
888,1444
888,618
888,1321
888,1097
888,554
888,923
888,428
888,384
888,396
888,129
888,1233
888,1081
888,662
888,660
888,638
888,598
888,559
1175,638
1175,1444
1175,884
1175,1141
1175,1400
1175,384
1175,1050
1175,1176
1175,1261
1175,385
1175,888
1175,871
1175,662
1175,452
1175,1097
1175,1268
1175,129
1175,1254
1175,663
1175,193
1444,884
1444,1141
1444,1175
1444,638
1444,1268
1444,1153
1444,1072
1444,662
1444,1254
1444,663
1444,1405
1444,1193
1444,385
1444,871
1444,1097
1444,1094
1444,196
1444,1376
1444,1002
1444,715
884,1444
884,638
884,1175
884,1141
884,871
884,1072
884,1193
884,1268
884,1153
884,1254
884,1405
884,385
884,662
884,413
884,1376
884,1097
884,751
884,715
884,384
884,303
1141,1444
1141,663
1141,1072
1141,1254
1141,638
1141,884
1141,871
1141,1175
1141,1376
1141,662
1141,1268
1141,1154
1141,1002
1141,1153
1141,751
1141,385
1141,1193
1141,1293
1141,763
1141,370
663,1141
663,1254
663,662
663,638
663,1444
663,1072
663,242
663,1002
663,1268
663,1172
663,871
663,887
663,884
663,1293
663,370
663,1154
663,751
663,1175
663,1153
663,1038
1072,638
1072,1254
1072,1444
1072,1153
1072,370
1072,884
1072,751
1072,1405
1072,1141
1072,715
1072,1002
1072,887
1072,26
1072,303
1072,832
1072,242
1072,663
1072,1268
1072,32
1072,304
1254,638
1254,1002
1254,1444
1254,1072
1254,1268
1254,1153
1254,663
1254,887
1254,242
1254,1141
1254,751
1254,1172
1254,370
1254,1405
1254,662
1254,303
1254,884
1254,26
1254,832
1254,1094
871,1141
871,884
871,1444
871,1175
871,638
871,1376
871,385
871,1193
871,663
871,1254
871,1072
871,1268
871,1153
871,662
871,1400
871,1008
871,452
871,1293
871,1405
871,763
1376,1444
1376,1141
1376,884
1376,871
1376,1193
1376,1175
1376,638
1376,1400
1376,418
1376,385
1376,1097
1376,384
1376,1268
1376,763
1376,663
1376,1118
1376,267
1376,1240
1376,888
1376,1008
1268,1444
1268,1254
1268,1153
1268,1141
1268,884
1268,1002
1268,638
1268,662
1268,663
1268,1172
1268,1267
1268,1405
1268,242
1268,1072
1268,1094
1268,887
1268,1154
1268,1175
1268,759
1268,871
1154,1141
1154,1254
1154,1072
1154,663
1154,638
1154,1268
1154,1444
1154,1153
1154,884
1154,1002
1154,751
1154,1267
1154,763
1154,370
1154,1405
1154,242
1154,662
1154,1309
1154,887
1154,871
1153,1444
1153,1072
1153,1254
1153,1268
1153,1405
1153,1002
1153,242
1153,884
1153,638
1153,1172
1153,1038
1153,662
1153,663
1153,887
1153,264
1153,1141
1153,1094
1153,715
1153,658
1153,708
751,638
751,1072
751,370
751,1254
751,1444
751,715
751,884
751,26
751,1002
751,303
751,242
751,1141
751,887
751,32
751,1405
751,1153
751,1175
751,1094
751,663
751,832
385,1444
385,884
385,1175
385,1141
385,871
385,888
385,1097
385,452
385,28
385,1193
385,1400
385,384
385,1376
385,1268
385,413
385,638
385,418
385,989
385,662
385,1240
1193,1444
1193,418
1193,884
1193,1175
1193,1141
1193,1376
1193,1400
1193,871
1193,385
1193,1240
1193,384
1193,197
1193,413
1193,638
1193,1097
1193,267
1193,1008
1193,196
1193,1003
1193,989
1293,297
1293,663
1293,1141
1293,1038
1293,264
1293,1172
1293,1002
1293,242
1293,871
1293,1254
1293,1184
1293,1153
1293,1173
1293,662
1293,638
1293,545
1293,1268
1293,1444
1293,658
1293,362
763,1141
763,663
763,638
763,1254
763,1006
763,1444
763,884
763,1376
763,1268
763,1154
763,871
763,1175
763,1072
763,1193
763,1267
763,1153
763,715
763,751
763,413
763,662
370,638
370,1072
370,751
370,1254
370,26
370,437
370,887
370,383
370,832
370,715
370,32
370,303
370,258
370,1002
370,242
370,991
370,882
370,1094
370,1172
370,1444
1405,1444
1405,1153
1405,1072
1405,1254
1405,638
1405,1268
1405,1172
1405,884
1405,887
1405,242
1405,1002
1405,715
1405,663
1405,658
1405,751
1405,61
1405,1038
1405,662
1405,1141
1405,264
715,638
715,1072
715,887
715,393
715,1172
715,708
715,1444
715,370
715,1254
715,751
715,486
715,658
715,884
715,1405
715,1153
715,303
715,32
715,662
715,1002
715,1268
61,749
61,1172
61,1038
61,264
61,1405
61,1153
61,242
61,1173
61,435
61,658
61,1270
61,1254
61,359
61,1268
61,1002
61,734
61,297
61,759
61,662
61,117
1038,1172
1038,264
1038,1095
1038,297
1038,749
1038,1173
1038,1153
1038,198
1038,745
1038,658
1038,1184
1038,708
1038,1254
1038,242
1038,663
1038,1405
1038,1002
1038,662
1038,61
1038,887
264,1172
264,1038
264,1173
264,198
264,1153
264,1095
264,242
264,1002
264,61
264,749
264,658
264,1405
264,662
264,297
264,1313
264,914
264,1184
264,832
264,759
264,1268
413,884
413,1141
413,1175
413,1444
413,452
413,989
413,384
413,1400
413,1072
413,1254
413,385
413,1240
413,1193
413,638
413,303
413,1268
413,871
413,1228
413,763
413,1338
452,384
452,1175
452,413
452,884
452,638
452,1400
452,989
452,385
452,1141
452,459
452,1444
452,1420
452,303
452,1261
452,1005
452,255
452,871
452,134
452,32
452,1240
989,384
989,413
989,452
989,1175
989,1400
989,884
989,1141
989,1240
989,385
989,1228
989,1005
989,66
989,1342
989,1444
989,848
989,871
989,367
989,433
989,1316
989,638
1400,1175
1400,384
1400,1141
1400,884
1400,66
1400,1193
1400,385
1400,452
1400,871
1400,1444
1400,989
1400,1240
1400,413
1400,418
1400,1376
1400,638
1400,1097
1400,992
1400,28
1400,1261
1240,1193
1240,1444
1240,884
1240,1400
1240,1175
1240,384
1240,385
1240,1141
1240,413
1240,452
1240,989
1240,1376
1240,871
1240,1097
1240,418
1240,459
1240,638
1240,643
1240,1268
1240,1006
303,638
303,1072
303,1254
303,884
303,32
303,751
303,1175
303,26
303,1444
303,1002
303,715
303,370
303,1094
303,887
303,832
303,302
303,1405
303,1172
303,1141
303,1153
1228,1338
1228,989
1228,452
1228,413
1228,384
1228,638
1228,66
1228,1240
1228,1072
1228,1400
1228,566
1228,884
1228,433
1228,303
1228,1005
1228,1141
1228,1175
1228,751
1228,459
1228,370
196,1444
196,884
196,1405
196,1153
196,1006
196,871
196,1193
196,1072
196,638
196,1141
196,1254
196,1240
196,1268
196,1175
196,1256
196,267
196,1
196,763
196,1002
196,643
1006,643
1006,1141
1006,763
1006,196
1006,638
1006,1193
1006,1072
1006,1256
1006,1154
1006,663
1006,1254
1006,884
1006,1376
1006,1261
1006,1444
1006,1175
1006,871
1006,844
1006,1268
1006,1267
643,1006
643,1444
643,1193
643,1240
643,992
643,1003
643,418
643,763
643,884
643,197
643,871
643,196
643,1268
643,1141
643,638
643,413
643,1267
643,1072
643,1261
643,1376
1256,1254
1256,663
1256,1141
1256,1268
1256,1006
1256,1444
1256,1153
1256,1002
1256,196
1256,884
1256,1
1256,638
1256,242
1256,1154
1256,662
1256,1405
1256,370
1256,887
1256,871
1256,759
1261,638
1261,1175
1261,1221
1261,437
1261,32
1261,396
1261,486
1261,433
1261,393
1261,422
1261,395
1261,888
1261,618
1261,1451
1261,303
1261,242
1261,1094
1261,631
1261,1254
1261,647
844,939
844,1
844,317
844,109
844,1006
844,937
844,1393
844,1376
844,565
844,861
844,137
844,267
844,96
844,1049
844,1045
844,777
844,278
844,763
844,1321
844,422
1267,1444
1267,1268
1267,1153
1267,1141
1267,1254
1267,884
1267,1072
1267,1405
1267,1154
1267,663
1267,801
1267,193
1267,871
1267,1175
1267,638
1267,1002
1267,385
1267,766
1267,763
1267,242
267,1444
267,638
267,1321
267,884
267,715
267,422
267,196
267,888
267,1097
267,1268
267,393
267,662
267,384
267,658
267,1153
267,1050
267,1279
267,1175
267,708
267,1172
1321,393
1321,660
1321,574
1321,888
1321,658
1321,428
1321,486
1321,346
1321,554
1321,422
1321,1444
1321,1097
1321,559
1321,1050
1321,599
1321,191
1321,662
1321,1172
1321,715
1321,708
422,393
422,1321
422,887
422,1444
422,486
422,658
422,888
422,1172
422,638
422,129
422,662
422,1268
422,660
422,574
422,396
422,1094
422,346
422,242
422,1175
422,437
1279,1201
1279,1444
1279,190
1279,268
1279,196
1279,1404
1279,617
1279,1193
1279,1442
1279,1240
1279,418
1279,267
1279,563
1279,1400
1279,884
1279,384
1279,1141
1279,1097
1279,1376
1279,1405
1,196
1,1256
1,1072
1,1444
1,844
1,1309
1,1254
1,1405
1,1006
1,203
1,1153
1,638
1,242
1,1002
1,1268
1,370
1,832
1,887
1,1141
1,884
1309,1072
1309,638
1309,1254
1309,370
1309,26
1309,751
1309,395
1309,303
1309,32
1309,882
1309,715
1309,1002
1309,1261
1309,242
1309,663
1309,486
1309,1405
1309,832
1309,1153
1309,1444
203,204
203,201
203,1153
203,1405
203,1444
203,1072
203,829
203,1002
203,832
203,578
203,1
203,884
203,1172
203,261
203,196
203,124
203,187
203,1033
203,899
203,1268
832,887
832,1172
832,1254
832,1072
832,1094
832,1002
832,638
832,370
832,708
832,242
832,393
832,1382
832,658
832,662
832,264
832,303
832,1444
832,1405
832,346
832,486
1176,1175
1176,638
1176,884
1176,1444
1176,1141
1176,887
1176,712
1176,452
1176,1072
1176,871
1176,302
1176,112
1176,32
1176,1254
1176,303
1176,751
1176,193
1176,26
1176,1042
1176,1008
712,638
712,887
712,302
712,486
712,1072
712,715
712,393
712,1444
712,1254
712,1172
712,708
712,370
712,1094
712,832
712,788
712,658
712,303
712,751
712,127
712,662
302,303
302,370
302,395
302,712
302,638
302,1072
302,1254
302,1002
302,884
302,1253
302,1175
302,1153
302,1444
302,882
302,751
302,1141
302,26
302,715
302,887
302,788
395,638
395,1072
395,26
395,370
395,1254
395,887
395,383
395,1309
395,437
395,303
395,32
395,882
395,751
395,832
395,94
395,1002
395,258
395,242
395,1261
395,1094
1253,1254
1253,302
1253,1072
1253,788
1253,712
1253,1190
1253,638
1253,663
1253,1271
1253,1444
1253,1141
1253,884
1253,1153
1253,1268
1253,1002
1253,751
1253,370
1253,1172
1253,883
1253,1225
882,991
882,488
882,614
882,340
882,327
882,648
882,383
882,94
882,1157
882,238
882,370
882,118
882,968
882,26
882,258
882,437
882,596
882,1227
882,76
882,395
26,638
26,370
26,1072
26,1254
26,751
26,303
26,32
26,258
26,1444
26,1002
26,832
26,395
26,437
26,882
26,1309
26,887
26,383
26,1094
26,991
26,486
788,834
788,199
788,1225
788,833
788,988
788,712
788,824
788,1253
788,1254
788,663
788,466
788,1271
788,1072
788,302
788,1141
788,544
788,1269
788,1190
788,127
788,638
486,638
486,393
486,887
486,346
486,715
486,708
486,32
486,658
486,1094
486,1172
486,921
486,437
486,1444
486,1321
486,370
486,599
486,712
486,1261
486,422
486,1072
32,638
32,303
32,1254
32,370
32,751
32,1072
32,486
32,26
32,715
32,1261
32,887
32,437
32,1444
32,1175
32,346
32,393
32,395
32,383
32,1094
32,258
127,130
127,132
127,128
127,629
127,159
127,712
127,638
127,788
127,887
127,577
127,370
127,1254
127,1094
127,832
127,751
127,1172
127,129
127,1141
127,824
127,1072
130,132
130,128
130,127
130,577
130,129
130,609
130,27
130,574
130,664
130,1344
130,218
130,948
130,301
130,385
130,1382
130,88
130,888
130,754
130,131
130,967
132,128
132,130
132,127
132,1344
132,577
132,948
132,743
132,301
132,1467
132,886
132,676
132,609
132,574
132,664
132,27
132,967
132,887
132,1186
132,88
132,385
128,902
128,835
128,132
128,130
128,127
128,159
128,241
128,11
128,577
128,887
128,686
128,392
128,574
128,88
128,712
128,629
128,1379
128,1328
128,1094
128,1464
629,127
629,159
629,241
629,712
629,115
629,824
629,887
629,88
629,128
629,788
629,1254
629,1094
629,1002
629,130
629,1268
629,132
629,242
629,1444
629,638
629,1141
577,1029
577,1216
577,872
577,288
577,615
577,699
577,130
577,731
577,1213
577,675
577,520
577,656
577,249
577,657
577,873
577,128
577,782
577,692
577,698
577,621
824,788
824,629
824,1225
824,712
824,659
824,302
824,127
824,1254
824,466
824,1253
824,871
824,1269
824,663
824,1141
824,638
824,1190
824,1271
824,386
824,773
824,1444
112,383
112,991
112,396
112,967
112,437
112,938
112,638
112,118
112,94
112,1081
112,488
112,370
112,443
112,614
112,1451
112,327
112,1261
112,393
112,887
112,1050
383,340
383,94
383,991
383,488
383,614
383,437
383,118
383,327
383,967
383,258
383,781
383,370
383,941
383,1451
383,938
383,112
383,882
383,238
383,443
383,943
340,383
340,991
340,94
340,488
340,238
340,258
340,781
340,614
340,327
340,118
340,446
340,882
340,967
340,437
340,53
340,1227
340,941
340,1375
340,648
340,968
488,327
488,991
488,94
488,118
488,614
488,648
488,238
488,383
488,1227
488,340
488,1451
488,943
488,938
488,967
488,49
488,904
488,443
488,781
488,941
488,1157
781,614
781,991
781,94
781,340
781,118
781,488
781,383
781,938
781,968
781,327
781,967
781,943
781,1451
781,443
781,941
781,904
781,648
781,1227
781,238
781,1157
238,81
238,140
238,1336
238,991
238,488
238,378
238,845
238,327
238,1227
238,730
238,76
238,970
238,596
238,94
238,245
238,118
238,648
238,340
238,446
238,374
1081,938
1081,967
1081,608
1081,52
1081,1396
1081,943
1081,559
1081,1451
1081,443
1081,1050
1081,396
1081,375
1081,991
1081,614
1081,1040
1081,226
1081,307
1081,1359
1081,94
1081,15
608,1081
608,1396
608,52
608,1050
608,375
608,15
608,559
608,567
608,1113
608,1110
608,938
608,1431
608,967
608,108
608,1042
608,554
608,943
608,546
608,1114
608,1466
52,15
52,1396
52,608
52,1081
52,375
52,567
52,1050
52,108
52,559
52,1431
52,1110
52,243
52,1113
52,554
52,287
52,1114
52,1042
52,938
52,962
52,509
1396,15
1396,52
1396,608
1396,1081
1396,567
1396,375
1396,108
1396,1050
1396,559
1396,1114
1396,1110
1396,509
1396,635
1396,962
1396,1113
1396,1398
1396,1340
1396,1431
1396,1042
1396,938
559,1431
559,1081
559,608
559,1113
559,1050
559,554
559,1042
559,567
559,52
559,574
559,243
559,660
559,1321
559,888
559,1396
559,428
559,396
559,1233
559,393
559,938
375,1081
375,1396
375,52
375,608
375,559
375,108
375,1431
375,1113
375,15
375,1110
375,1050
375,1042
375,967
375,554
375,938
375,567
375,509
375,1114
375,574
375,1233
15,1396
15,52
15,1081
15,108
15,608
15,1398
15,375
15,567
15,283
15,1050
15,1110
15,938
15,687
15,967
15,1117
15,509
15,243
15,991
15,635
15,1054
193,1444
193,1175
193,1254
193,759
193,1268
193,1141
193,662
193,129
193,884
193,638
193,888
193,663
193,1267
193,658
193,242
193,1002
193,1321
193,1097
193,703
193,422
759,1172
759,1268
759,117
759,1254
759,264
759,662
759,1002
759,193
759,665
759,825
759,658
759,887
759,1095
759,1405
759,90
759,242
759,1153
759,129
759,1444
759,1403
117,759
117,1172
117,264
117,1268
117,662
117,825
117,1403
117,665
117,90
117,151
117,1002
117,1405
117,129
117,887
117,435
117,1245
117,925
117,359
117,242
117,832
825,662
825,658
825,1172
825,264
825,1268
825,129
825,887
825,1002
825,1153
825,242
825,1175
825,393
825,759
825,422
825,110
825,1405
825,1094
825,663
825,925
825,1444
1095,1172
1095,1038
1095,264
1095,745
1095,1405
1095,1153
1095,887
1095,1254
1095,1002
1095,749
1095,242
1095,914
1095,759
1095,658
1095,662
1095,297
1095,825
1095,832
1095,708
1095,1268
1403,1268
1403,703
1403,117
1403,759
1403,1254
1403,766
1403,825
1403,1444
1403,1002
1403,454
1403,662
1403,663
1403,1153
1403,107
1403,722
1403,272
1403,1425
1403,851
1403,570
1403,580
703,272
703,193
703,1254
703,1403
703,759
703,721
703,603
703,637
703,1268
703,1286
703,175
703,234
703,174
703,722
703,209
703,389
703,1219
703,129
703,219
703,851
272,703
272,144
272,571
272,640
272,573
272,1266
272,219
272,759
272,624
272,1036
272,209
272,1326
272,1294
272,634
272,184
272,694
272,881
272,626
272,1413
272,513
721,568
721,1286
721,955
721,641
721,1265
721,912
721,357
721,389
721,438
721,1219
721,603
721,637
721,1138
721,350
721,604
721,175
721,605
721,29
721,363
721,579
603,1286
603,721
603,357
603,1265
603,641
603,568
603,912
603,389
603,755
603,637
603,605
603,955
603,722
603,1219
603,633
603,851
603,438
603,1138
603,1412
603,363
637,912
637,755
637,1286
637,1138
637,438
637,641
637,1265
637,721
637,371
637,955
637,568
637,357
637,389
637,604
637,350
637,1189
637,1412
637,605
637,1188
637,1219
1286,1265
1286,912
1286,357
1286,568
1286,641
1286,1138
1286,721
1286,755
1286,955
1286,438
1286,637
1286,603
1286,389
1286,1412
1286,604
1286,350
1286,633
1286,371
1286,605
1286,1219
175,721
175,1219
175,1286
175,641
175,637
175,942
175,389
175,1121
175,568
175,350
175,603
175,176
175,357
175,29
175,1265
175,722
175,605
175,851
175,606
175,388
234,515
234,165
234,1165
234,1428
234,541
234,1377
234,805
234,1214
234,671
234,739
234,71
234,430
234,1071
234,619
234,353
234,813
234,45
234,1135
234,13
234,1148
174,350
174,721
174,1286
174,389
174,637
174,1219
174,603
174,357
174,1138
174,880
174,175
174,641
174,438
174,1082
174,912
174,955
174,568
174,1188
174,605
174,363
722,1265
722,851
722,721
722,1286
722,107
722,603
722,454
722,942
722,29
722,755
722,637
722,1219
722,175
722,399
722,605
722,1146
722,357
722,1296
722,450
722,315
209,1215
209,1446
209,706
209,30
209,162
209,104
209,625
209,561
209,1218
209,210
209,639
209,105
209,184
209,144
209,1036
209,185
209,1074
209,854
209,881
209,521
389,912
389,955
389,755
389,641
389,1138
389,721
389,1286
389,1265
389,357
389,438
389,568
389,371
389,604
389,637
389,350
389,1189
389,1412
389,603
389,1219
389,605
1219,721
1219,568
1219,641
1219,1286
1219,912
1219,1265
1219,357
1219,604
1219,350
1219,637
1219,438
1219,175
1219,389
1219,942
1219,1138
1219,603
1219,579
1219,29
1219,955
1219,722
219,220
219,351
219,573
219,1415
219,898
219,111
219,240
219,1085
219,576
219,272
219,881
219,1294
219,791
219,153
219,417
219,290
219,1025
219,627
219,189
219,723
851,722
851,1265
851,107
851,454
851,721
851,1286
851,755
851,603
851,357
851,1432
851,450
851,1146
851,29
851,637
851,942
851,315
851,605
851,1219
851,389
851,1296
1042,1431
1042,1050
1042,559
1042,375
1042,1081
1042,1113
1042,608
1042,554
1042,129
1042,1396
1042,52
1042,393
1042,887
1042,1175
1042,660
1042,1110
1042,396
1042,1321
1042,437
1042,1444
1431,559
1431,1113
1431,1050
1431,554
1431,1081
1431,1042
1431,52
1431,608
1431,375
1431,574
1431,1045
1431,1128
1431,660
1431,428
1431,888
1431,1396
1431,1321
1431,393
1431,1233
1431,129
1113,559
1113,1431
1113,1050
1113,375
1113,608
1113,1114
1113,1110
1113,1081
1113,1042
1113,554
1113,1045
1113,567
1113,52
1113,108
1113,1396
1113,1340
1113,1051
1113,243
1113,820
1113,509
554,559
554,1431
554,1050
554,1129
554,888
554,1321
554,1113
554,574
554,1042
554,1045
554,608
554,1081
554,393
554,52
554,428
554,1233
554,486
554,660
554,1097
554,396
1045,820
1045,1355
1045,1114
1045,1203
1045,826
1045,509
1045,1051
1045,1340
1045,1113
1045,1096
1045,1431
1045,554
1045,1457
1045,559
1045,1161
1045,569
1045,1050
1045,1042
1045,958
1045,608
1128,1431
1128,767
1128,1387
1128,559
1128,1050
1128,761
1128,933
1128,803
1128,653
1128,953
1128,349
1128,332
1128,720
1128,526
1128,444
1128,574
1128,966
1128,1113
1128,1064
1128,1278
428,574
428,1321
428,888
428,923
428,554
428,1431
428,1097
428,129
428,393
428,559
428,1050
428,1444
428,660
428,1233
428,422
428,618
428,396
428,1113
428,1175
428,658
1110,1396
1110,608
1110,15
1110,52
1110,1081
1110,375
1110,1050
1110,559
1110,108
1110,1113
1110,567
1110,1042
1110,554
1110,1431
1110,938
1110,967
1110,443
1110,1114
1110,509
1110,635
108,15
108,1396
108,52
108,1081
108,687
108,608
108,567
108,375
108,559
108,1050
108,1110
108,1113
108,1431
108,554
108,1042
108,283
108,112
108,243
108,967
108,938
567,1054
567,243
567,559
567,1140
567,1396
567,1114
567,1340
567,635
567,52
567,1448
567,962
567,509
567,958
567,608
567,1081
567,1050
567,820
567,1096
567,108
567,809
1114,1448
1114,635
1114,569
1114,509
1114,560
1114,158
1114,1203
1114,223
1114,1340
1114,820
1114,283
1114,1051
1114,958
1114,227
1114,962
1114,1106
1114,567
1114,1054
1114,285
1114,345
509,1114
509,635
509,1340
509,1203
509,820
509,569
509,1051
509,1106
509,567
509,227
509,1448
509,158
509,962
509,1396
509,1045
509,1096
509,223
509,1355
509,285
509,826
635,1114
635,223
635,1340
635,509
635,158
635,16
635,1448
635,345
635,962
635,1117
635,560
635,687
635,1203
635,569
635,227
635,1106
635,285
635,820
635,286
635,1054
1008,1141
1008,871
1008,1175
1008,884
1008,385
1008,384
1008,1376
1008,1444
1008,1400
1008,1293
1008,1193
1008,418
1008,1268
1008,1240
1008,989
1008,413
1008,663
1008,452
1008,1003
1008,1097
418,1193
418,1003
418,1444
418,884
418,1141
418,1376
418,1175
418,1400
418,197
418,1097
418,384
418,871
418,385
418,638
418,1268
418,206
418,643
418,1240
418,413
418,1008
1003,418
1003,1193
1003,1141
1003,1444
1003,643
1003,871
1003,385
1003,884
1003,1400
1003,1240
1003,1268
1003,1006
1003,1175
1003,1008
1003,1267
1003,638
1003,413
1003,763
1003,1279
1003,1097
197,1193
197,418
197,643
197,1141
197,871
197,711
197,1006
197,385
197,1405
197,1072
197,884
197,1154
197,1267
197,1376
197,1240
197,1444
197,1268
197,763
197,1097
197,638
206,1056
206,1006
206,1141
206,186
206,871
206,196
206,1072
206,1254
206,413
206,638
206,1153
206,303
206,884
206,395
206,1268
206,1444
206,517
206,1004
206,1057
206,981
769,973
769,598
769,236
769,618
769,647
769,1262
769,77
769,1314
769,1402
769,842
769,1423
769,768
769,1129
769,1455
769,1287
769,103
769,903
769,554
769,445
769,631
236,598
236,72
236,769
236,973
236,1010
236,1224
236,618
236,647
236,677
236,689
236,778
236,1455
236,1262
236,292
236,1402
236,100
236,1104
236,77
236,1287
236,1129
72,294
72,689
72,1010
72,598
72,677
72,479
72,747
72,911
72,236
72,215
72,806
72,18
72,1350
72,1059
72,778
72,1224
72,178
72,326
72,618
72,995
689,896
689,479
689,18
689,294
689,747
689,1224
689,911
689,211
689,2
689,1351
689,333
689,314
689,326
689,1350
689,36
689,1322
689,778
689,963
689,677
689,75
896,911
896,479
896,294
896,689
896,2
896,18
896,806
896,930
896,996
896,1020
896,326
896,747
896,875
896,321
896,215
896,314
896,778
896,282
896,333
896,1059
2,479
2,689
2,896
2,333
2,294
2,911
2,326
2,997
2,747
2,963
2,677
2,806
2,314
2,778
2,1224
2,838
2,592
2,1059
2,875
2,1314
806,911
806,275
806,996
806,215
806,195
806,18
806,294
806,677
806,875
806,314
806,1098
806,253
806,930
806,335
806,479
806,1236
806,689
806,592
806,993
806,778
996,215
996,18
996,806
996,275
996,875
996,911
996,677
996,314
996,479
996,294
996,993
996,195
996,253
996,778
996,335
996,689
996,930
996,36
996,416
996,1059
1020,742
1020,321
1020,282
1020,479
1020,896
1020,1202
1020,911
1020,689
1020,1181
1020,294
1020,18
1020,146
1020,930
1020,1209
1020,877
1020,747
1020,333
1020,875
1020,326
1020,75
747,689
747,911
747,479
747,326
747,294
747,677
747,18
747,778
747,896
747,333
747,2
747,178
747,36
747,930
747,647
747,906
747,598
747,367
747,618
747,215
321,1020
321,742
321,911
321,896
321,282
321,875
321,314
321,18
321,930
321,215
321,479
321,36
321,146
321,122
321,778
321,294
321,689
321,1212
321,281
321,996
215,275
215,996
215,806
215,875
215,18
215,911
215,314
215,677
215,253
215,479
215,778
215,294
215,335
215,930
215,36
215,1126
215,896
215,1229
215,689
215,1059
778,479
778,215
778,1059
778,875
778,996
778,677
778,314
778,689
778,911
778,18
778,294
778,747
778,806
778,896
778,36
778,1126
778,2
778,598
778,930
778,321
282,1020
282,321
282,742
282,896
282,911
282,806
282,689
282,294
282,1304
282,1202
282,778
282,18
282,875
282,122
282,996
282,146
282,531
282,2
282,479
282,677
1059,479
1059,911
1059,778
1059,689
1059,314
1059,215
1059,677
1059,875
1059,997
1059,294
1059,896
1059,1224
1059,996
1059,2
1059,18
1059,806
1059,326
1059,1126
1059,493
1059,747
1224,842
1224,963
1224,689
1224,207
1224,838
1224,479
1224,913
1224,1290
1224,63
1224,758
1224,333
1224,1351
1224,477
1224,211
1224,850
1224,36
1224,77
1224,461
1224,2
1224,1059
963,1224
963,689
963,842
963,2
963,997
963,747
963,211
963,838
963,758
963,1322
963,1351
963,182
963,1391
963,479
963,896
963,294
963,333
963,207
963,677
963,1158
913,1224
913,1288
913,842
913,207
913,973
913,689
913,963
913,77
913,477
913,838
913,841
913,273
913,461
913,211
913,63
913,479
913,75
913,83
913,1371
913,758
1290,1224
1290,842
1290,461
1290,36
1290,838
1290,207
1290,963
1290,1126
1290,913
1290,63
1290,973
1290,850
1290,157
1290,333
1290,269
1290,869
1290,689
1290,479
1290,314
1290,997
758,333
758,1224
758,689
758,963
758,838
758,479
758,211
758,36
758,2
758,1351
758,747
758,1126
758,326
758,842
758,291
758,1350
758,63
758,913
758,677
758,1308
1351,812
1351,689
1351,1301
1351,333
1351,797
1351,63
1351,810
1351,1312
1351,477
1351,1350
1351,479
1351,1365
1351,139
1351,838
1351,211
1351,5
1351,1224
1351,92
1351,979
1351,896
477,63
477,1351
477,1301
477,1224
477,333
477,812
477,689
477,207
477,1312
477,211
477,716
477,114
477,838
477,1350
477,182
477,77
477,21
477,474
477,1151
477,725
211,689
211,1224
211,1350
211,1322
211,182
211,963
211,1351
211,1091
211,294
211,75
211,747
211,812
211,1301
211,18
211,1391
211,1158
211,1304
211,758
211,479
211,477
36,314
36,1126
36,18
36,875
36,677
36,689
36,215
36,479
36,294
36,747
36,996
36,778
36,911
36,326
36,1158
36,75
36,178
36,598
36,335
36,838
1350,1080
1350,689
1350,211
1350,479
1350,1351
1350,1322
1350,75
1350,1301
1350,18
1350,294
1350,1091
1350,92
1350,1158
1350,896
1350,725
1350,778
1350,1304
1350,36
1350,470
1350,598
1080,1134
1080,716
1080,1380
1080,1350
1080,1304
1080,1354
1080,477
1080,4
1080,1158
1080,532
1080,1322
1080,725
1080,211
1080,1351
1080,208
1080,75
1080,689
1080,1027
1080,1391
1080,207
1322,689
1322,211
1322,1350
1322,1391
1322,1224
1322,963
1322,1091
1322,716
1322,725
1322,479
1322,896
1322,75
1322,747
1322,1351
1322,1158
1322,294
1322,677
1322,673
1322,18
1322,779
75,689
75,1350
75,121
75,36
75,479
75,696
75,1158
75,1209
75,18
75,747
75,598
75,1351
75,1429
75,211
75,725
75,333
75,1202
75,685
75,326
75,470
1301,810
1301,812
1301,1312
1301,797
1301,92
1301,1351
1301,1365
1301,139
1301,477
1301,300
1301,5
1301,689
1301,717
1301,63
1301,1350
1301,979
1301,334
1301,65
1301,333
1301,1091
1091,1304
1091,92
1091,211
1091,1350
1091,1322
1091,689
1091,1075
1091,1365
1091,716
1091,1330
1091,812
1091,1301
1091,1109
1091,182
1091,796
1091,741
1091,954
1091,1351
1091,330
1091,294
92,1365
92,1389
92,810
92,796
92,1301
92,954
92,542
92,797
92,5
92,1330
92,812
92,979
92,901
92,918
92,1205
92,1092
92,896
92,334
92,1373
92,1351
1158,1027
1158,409
1158,685
1158,1168
1158,877
1158,598
1158,696
1158,36
1158,684
1158,725
1158,677
1158,618
1158,1391
1158,689
1158,75
1158,864
1158,747
1158,1300
1158,294
1158,178
725,1391
725,716
725,1158
725,1093
725,1027
725,1322
725,1351
725,211
725,1350
725,477
725,917
725,75
725,121
725,689
725,1080
725,673
725,1301
725,531
725,587
725,1063
1304,1075
1304,799
1304,1091
1304,211
1304,1350
1304,1080
1304,689
1304,146
1304,896
1304,138
1304,92
1304,1322
1304,812
1304,810
1304,1361
1304,778
1304,18
1304,1351
1304,674
1304,282
470,689
470,75
470,1350
470,1202
470,211
470,18
470,747
470,479
470,727
470,1322
470,36
470,178
470,696
470,501
470,294
470,507
470,598
470,677
470,746
470,326
677,806
677,996
677,314
677,215
677,875
677,294
677,911
677,479
677,18
677,778
677,36
677,689
677,747
677,275
677,2
677,1059
677,335
677,195
677,1229
677,896
275,215
275,806
275,996
275,911
275,18
275,314
275,875
275,294
275,195
275,479
275,677
275,36
275,1126
275,778
275,253
275,930
275,2
275,747
275,335
275,689
335,314
335,806
335,215
335,911
335,275
335,875
335,996
335,195
335,592
335,677
335,326
335,294
335,36
335,930
335,778
335,2
335,253
335,18
335,689
335,1229
195,911
195,806
195,314
195,275
195,294
195,479
195,996
195,875
195,335
195,18
195,677
195,215
195,930
195,896
195,2
195,1059
195,253
195,778
195,592
195,326
1229,253
1229,875
1229,314
1229,91
1229,215
1229,677
1229,1423
1229,313
1229,1126
1229,335
1229,996
1229,778
1229,631
1229,36
1229,1343
1229,911
1229,607
1229,453
1229,806
1229,136
178,294
178,911
178,747
178,18
178,479
178,367
178,995
178,689
178,36
178,326
178,598
178,896
178,1158
178,930
178,618
178,969
178,677
178,592
178,75
178,647
995,911
995,479
995,592
995,294
995,996
995,930
995,18
995,326
995,1059
995,215
995,875
995,896
995,178
995,689
995,367
995,72
995,493
995,677
995,747
995,997
969,178
969,1329
969,877
969,618
969,367
969,598
969,12
969,75
969,742
969,911
969,326
969,696
969,1158
969,479
969,294
969,647
969,1209
969,1181
969,995
969,1020
1329,584
1329,969
1329,12
1329,178
1329,877
1329,1471
1329,1300
1329,696
1329,75
1329,618
1329,770
1329,376
1329,586
1329,247
1329,598
1329,326
1329,1181
1329,181
1329,790
1329,1158
877,1209
877,531
877,696
877,1158
877,1429
877,121
877,684
877,917
877,598
877,1020
877,770
877,538
877,75
877,689
877,36
877,178
877,969
877,753
877,647
877,685
12,584
12,178
12,969
12,75
12,1329
12,36
12,326
12,1158
12,479
12,696
12,1181
12,685
12,1202
12,538
12,618
12,647
12,125
12,877
12,367
12,398
742,1020
742,321
742,282
742,1202
742,18
742,479
742,911
742,896
742,146
742,294
742,689
742,875
742,930
742,1181
742,178
742,367
742,326
742,996
742,747
742,333
696,877
696,684
696,685
696,1158
696,598
696,1027
696,75
696,1209
696,36
696,1300
696,121
696,531
696,1168
696,924
696,855
696,398
696,864
696,689
696,647
696,618
1209,877
1209,753
1209,1429
1209,121
1209,702
1209,917
1209,75
1209,1020
1209,770
1209,598
1209,36
1209,696
1209,651
1209,114
1209,724
1209,689
1209,587
1209,841
1209,1126
1209,685
1181,35
1181,1020
1181,742
1181,146
1181,531
1181,1202
1181,877
1181,321
1181,479
1181,1429
1181,18
1181,911
1181,367
1181,896
1181,178
1181,929
1181,982
1181,75
1181,747
1181,326
1455,1104
1455,57
1455,864
1455,265
1455,769
1455,973
1455,598
1455,280
1455,56
1455,1237
1455,642
1455,1129
1455,318
1455,1158
1455,924
1455,1168
1455,469
1455,1390
1455,6
1455,985
1104,1455
1104,57
1104,864
1104,598
1104,769
1104,554
1104,56
1104,973
1104,1168
1104,1010
1104,1158
1104,1129
1104,236
1104,924
1104,786
1104,72
1104,1287
1104,1027
1104,103
1104,696
57,56
57,1455
57,828
57,469
57,913
57,1104
57,973
57,1390
57,157
57,1440
57,292
57,1287
57,1372
57,1224
57,77
57,598
57,769
57,1143
57,985
57,1307
56,57
56,1104
56,1455
56,701
56,828
56,864
56,684
56,673
56,913
56,1158
56,1237
56,642
56,1168
56,696
56,1068
56,75
56,1390
56,70
56,318
56,1032
828,57
828,1440
828,823
828,469
828,1390
828,1104
828,340
828,292
828,1455
828,172
828,1287
828,383
828,56
828,973
828,94
828,258
828,77
828,1470
828,395
828,461
1390,469
1390,985
1390,986
1390,823
1390,1372
1390,426
1390,346
1390,1440
1390,1231
1390,1455
1390,157
1390,839
1390,973
1390,57
1390,1129
1390,292
1390,393
1390,486
1390,1470
1390,1366
157,682
157,22
157,973
157,82
157,1129
157,355
157,77
157,1385
157,207
157,292
157,1372
157,346
157,461
157,842
157,1440
157,708
157,1125
157,1445
157,1287
157,839
1440,1438
1440,1372
1440,469
1440,157
1440,985
1440,973
1440,292
1440,828
1440,1287
1440,682
1440,1390
1440,77
1440,1470
1440,463
1440,340
1440,986
1440,461
1440,126
1440,823
1440,346
292,973
292,157
292,77
292,1287
292,985
292,346
292,445
292,682
292,921
292,1385
292,842
292,393
292,258
292,1440
292,463
292,708
292,1129
292,486
292,461
292,383
1143,1150
1143,682
1143,320
1143,36
1143,549
1143,1209
1143,959
1143,841
1143,685
1143,855
1143,269
1143,411
1143,535
1143,461
1143,50
1143,672
1143,404
1143,1454
1143,1022
1143,1199
864,1158
864,1455
864,72
864,1104
864,696
864,877
864,598
864,1027
864,1168
864,1010
864,75
864,685
864,924
864,1350
864,769
864,1391
864,1402
864,647
864,1262
864,684
1027,1158
1027,409
1027,725
1027,1168
1027,673
1027,1391
1027,685
1027,696
1027,1300
1027,1322
1027,864
1027,1080
1027,877
1027,684
1027,398
1027,75
1027,1350
1027,598
1027,1104
1027,211
1168,1158
1168,1027
1168,409
1168,673
1168,685
1168,864
1168,696
1168,684
1168,618
1168,963
1168,75
1168,677
1168,598
1168,689
1168,1391
1168,1300
1168,294
1168,1455
1168,747
1168,211
685,1158
685,696
685,684
685,1027
685,535
685,36
685,6
685,75
685,728
685,642
685,409
685,855
685,1046
685,1168
685,1150
685,411
685,598
685,1126
685,461
685,864
924,598
924,696
924,1158
924,1455
924,618
924,864
924,75
924,677
924,294
924,875
924,685
924,877
924,684
924,647
924,689
924,72
924,122
924,36
924,778
924,1168
1391,725
1391,1392
1391,1158
1391,716
1391,1322
1391,479
1391,689
1391,896
1391,211
1391,294
1391,747
1391,18
1391,1351
1391,677
1391,1093
1391,1091
1391,963
1391,1020
1391,911
1391,1224
684,696
684,531
684,877
684,121
684,685
684,1209
684,1429
684,830
684,1158
684,864
684,75
684,1168
684,598
684,1027
684,1300
684,673
684,409
684,36
684,1350
684,1455
786,1086
786,1241
786,636
786,1402
786,252
786,1010
786,103
786,978
786,690
786,1384
786,537
786,793
786,1104
786,1182
786,101
786,1239
786,1435
786,1170
786,1083
786,263
1086,786
1086,1010
1086,1402
1086,1104
1086,103
1086,636
1086,598
1086,690
1086,101
1086,1435
1086,647
1086,769
1086,1262
1086,1087
1086,1238
1086,768
1086,967
1086,1261
1086,978
1086,618
690,100
690,1010
690,1030
690,1402
690,101
690,1262
690,598
690,647
690,1204
690,1314
690,618
690,72
690,769
690,1011
690,493
690,133
690,281
690,636
690,930
690,1059
537,793
537,263
537,224
537,636
537,252
537,908
537,142
537,1083
537,1384
537,978
537,814
537,1369
537,9
537,1358
537,591
537,101
537,1239
537,401
537,8
537,183
1083,224
1083,593
1083,1356
1083,737
1083,1369
1083,1310
1083,1103
1083,738
1083,590
1083,1111
1083,1358
1083,814
1083,1014
1083,707
1083,229
1083,1302
1083,537
1083,668
1083,177
1083,946
263,793
263,183
263,212
263,224
263,252
263,537
263,814
263,1369
263,737
263,1083
263,927
263,636
263,593
263,311
263,978
263,926
263,1469
263,1015
263,1356
263,8
265,1455
265,1158
265,1104
265,1168
265,769
265,823
265,1224
265,973
265,598
265,864
265,924
265,842
265,461
265,839
265,963
265,1288
265,554
265,292
265,1129
265,1371
839,64
839,823
839,1217
839,43
839,1160
839,1371
839,82
839,1062
839,461
839,157
839,1288
839,207
839,83
839,41
839,842
839,973
839,1455
839,841
839,22
839,934
1217,83
1217,1371
1217,839
1217,82
1217,1125
1217,1366
1217,22
1217,207
1217,1288
1217,157
1217,434
1217,534
1217,1372
1217,842
1217,273
1217,64
1217,973
1217,1390
1217,913
1217,823
1160,842
1160,839
1160,461
1160,1224
1160,207
1160,43
1160,838
1160,841
1160,83
1160,1283
1160,64
1160,850
1160,913
1160,963
1160,1151
1160,973
1160,1059
1160,823
1160,256
1160,1126
1371,1217
1371,839
1371,524
1371,1288
1371,41
1371,86
1371,341
1371,1273
1371,1366
1371,913
1371,67
1371,83
1371,64
1371,532
1371,823
1371,43
1371,207
1371,469
1371,269
1371,1455
82,207
82,273
82,842
82,850
82,22
82,1463
82,63
82,21
82,1224
82,1151
82,838
82,1362
82,83
82,474
82,1217
82,843
82,595
82,1041
82,1039
82,157
1288,913
1288,1224
1288,1371
1288,477
1288,839
1288,207
1288,963
1288,842
1288,211
1288,1350
1288,63
1288,1080
1288,689
1288,532
1288,1351
1288,838
1288,75
1288,1217
1288,869
1288,70
83,207
83,82
83,273
83,1217
83,1224
83,842
83,86
83,913
83,839
83,1160
83,22
83,63
83,894
83,838
83,43
83,1288
83,1151
83,841
83,461
83,1371
41,1371
41,839
41,207
41,83
41,157
41,913
41,82
41,86
41,1224
41,22
41,64
41,1288
41,382
41,963
41,1366
41,1217
41,842
41,461
41,828
41,1160
22,82
22,207
22,842
22,157
22,973
22,1224
22,1125
22,1463
22,838
22,682
22,461
22,1217
22,83
22,434
22,913
22,474
22,850
22,355
22,1366
22,1151
934,1401
934,890
934,762
934,1424
934,1419
934,235
934,443
934,1368
934,897
934,1062
934,860
934,325
934,1156
934,1046
934,943
934,823
934,909
934,965
934,95
934,1102
280,1455
280,266
280,278
280,1251
280,600
280,1045
280,554
280,642
280,341
280,1273
280,816
280,1371
280,73
280,864
280,1096
280,856
280,1319
280,1237
280,1114
280,96
266,701
266,1455
266,318
266,280
266,1129
266,1273
266,469
266,1275
266,341
266,1274
266,57
266,1231
266,679
266,554
266,1374
266,1390
266,986
266,1237
266,490
266,839
701,266
701,490
701,856
701,1104
701,56
701,1455
701,57
701,1237
701,1174
701,1179
701,318
701,642
701,1068
701,864
701,1472
701,427
701,421
701,1129
701,236
701,973
318,856
318,1237
318,642
318,6
318,68
318,1297
318,299
318,324
318,804
318,1274
318,1048
318,1455
318,701
318,1129
318,600
318,341
318,1273
318,319
318,266
318,57
1273,341
1273,278
1273,524
1273,1371
1273,554
1273,469
1273,532
1273,1129
1273,73
1273,462
1273,1354
1273,1370
1273,856
1273,69
1273,393
1273,248
1273,1455
1273,1321
1273,39
1273,1108
341,67
341,1273
341,524
341,856
341,729
341,1237
341,299
341,85
341,818
341,1371
341,1174
341,324
341,278
341,533
341,804
341,642
341,532
341,628
341,556
341,1455
1231,469
1231,1390
1231,986
1231,1455
1231,299
1231,1129
1231,1276
1231,840
1231,1452
1231,266
1231,1470
1231,426
1231,856
1231,369
1231,936
1231,1197
1231,1246
1231,318
1231,486
1231,248
1374,1129
1374,266
1374,1305
1374,554
1374,369
1374,1423
1374,1158
1374,1455
1374,631
1374,696
1374,679
1374,426
1374,1101
1374,598
1374,1104
1374,329
1374,1168
1374,1237
1374,409
1374,1402
986,1470
986,469
986,1372
986,1390
986,985
986,1129
986,1440
986,1231
986,346
986,248
986,1455
986,750
986,157
986,172
986,1246
986,258
986,486
986,973
986,393
986,456
1237,804
1237,1297
1237,1174
1237,856
1237,628
1237,558
1237,1324
1237,6
1237,533
1237,213
1237,299
1237,729
1237,556
1237,642
1237,818
1237,802
1237,257
1237,85
1237,483
1237,59
490,701
490,1160
490,1455
490,1129
490,469
490,973
490,266
490,64
490,236
490,823
490,278
490,842
490,1275
490,769
490,421
490,1390
490,157
490,191
490,682
490,1463
278,1393
278,341
278,554
278,73
278,1273
278,1045
278,1321
278,478
278,96
278,559
278,69
278,469
278,137
278,267
278,565
278,393
278,1431
278,1129
278,777
278,1333
1393,1274
1393,554
1393,1321
1393,1129
1393,267
1393,486
1393,529
1393,1050
1393,278
1393,559
1393,1045
1393,937
1393,939
1393,428
1393,1051
1393,820
1393,393
1393,861
1393,346
1393,96
73,278
73,554
73,1045
73,559
73,345
73,1321
73,1129
73,233
73,428
73,1319
73,1370
73,1431
73,96
73,1273
73,393
73,973
73,1455
73,17
73,1050
73,820
478,137
478,267
478,1321
478,638
478,393
478,278
478,96
478,777
478,486
478,715
478,888
478,1045
478,658
478,559
478,554
478,422
478,1050
478,1444
478,346
478,662
96,565
96,137
96,569
96,820
96,498
96,560
96,478
96,1045
96,278
96,317
96,1299
96,69
96,1334
96,939
96,1203
96,73
96,861
96,1319
96,222
96,777
69,583
69,630
69,137
69,783
69,96
69,1198
69,1381
69,278
69,1333
69,937
69,1462
69,498
69,73
69,1334
69,940
69,777
69,1161
69,478
69,554
69,1299
137,569
137,559
137,1050
137,96
137,820
137,1114
137,1054
137,1045
137,560
137,1321
137,888
137,1051
137,243
137,574
137,69
137,1431
137,478
137,554
137,937
137,1117
565,96
565,317
565,569
565,380
565,819
565,137
565,278
565,940
565,861
565,939
565,1045
565,69
565,820
565,267
565,844
565,498
565,937
565,1393
565,478
565,1198
777,317
777,1045
777,478
777,858
777,1167
777,96
777,498
777,278
777,939
777,373
777,565
777,844
777,826
777,137
777,69
777,670
777,820
777,1161
777,1333
777,1051
1333,69
1333,278
1333,1299
1333,96
1333,765
1333,940
1333,777
1333,1198
1333,554
1333,137
1333,783
1333,565
1333,559
1333,1321
1333,1370
1333,1161
1333,937
1333,498
1333,73
1333,497
1251,280
1251,278
1251,816
1251,1277
1251,1409
1251,861
1251,1129
1251,341
1251,73
1251,317
1251,205
1251,554
1251,476
1251,1371
1251,1096
1251,1045
1251,826
1251,839
1251,1457
1251,1273
816,696
816,642
816,684
816,1158
816,685
816,398
816,36
816,6
816,855
816,598
816,673
816,1455
816,57
816,280
816,864
816,1305
816,75
816,1027
816,318
816,1300
1277,137
1277,559
1277,888
1277,554
1277,1050
1277,1319
1277,937
1277,1431
1277,1034
1277,73
1277,243
1277,96
1277,498
1277,1321
1277,574
1277,1096
1277,69
1277,939
1277,999
1277,1129
1409,347
1409,1251
1409,816
1409,1087
1409,1277
1409,701
1409,1104
1409,870
1409,769
1409,1455
1409,236
1409,864
1409,1010
1409,1129
1409,786
1409,1168
1409,72
1409,398
1409,1060
1409,598
861,96
861,939
861,137
861,1393
861,1376
861,844
861,937
861,565
861,820
861,529
861,69
861,956
861,317
861,1051
861,819
861,73
861,278
861,777
861,222
861,783
317,939
317,844
317,96
317,1114
317,820
317,1045
317,569
317,1355
317,278
317,777
317,406
317,137
317,565
317,1393
317,1203
317,861
317,498
317,557
317,1051
317,826
205,661
205,1364
205,1129
205,393
205,919
205,554
205,486
205,1045
205,1297
205,476
205,109
205,1210
205,1096
205,682
205,973
205,757
205,42
205,683
205,1298
205,1455
476,1364
476,269
476,1129
476,393
476,1045
476,1187
476,559
476,1371
476,919
476,73
476,1210
476,554
476,973
476,461
476,84
476,341
476,710
476,888
476,658
476,1321
1096,1114
1096,1340
1096,560
1096,635
1096,509
1096,1051
1096,567
1096,820
1096,1203
1096,962
1096,1448
1096,958
1096,862
1096,569
1096,1045
1096,1355
1096,1106
1096,974
1096,1054
1096,687
826,1045
826,1114
826,1340
826,820
826,509
826,1355
826,1051
826,406
826,1203
826,635
826,569
826,1106
826,560
826,1113
826,1096
826,1457
826,1161
826,559
826,37
826,567
1457,1340
1457,635
1457,820
1457,1114
1457,974
1457,1203
1457,1045
1457,962
1457,1096
1457,560
1457,1051
1457,826
1457,1161
1457,559
1457,509
1457,958
1457,1448
1457,37
1457,316
1457,1355
600,1274
600,1048
600,1297
600,1127
600,319
600,1045
600,6
600,1129
600,1237
600,679
600,554
600,318
600,1319
600,569
600,1028
600,564
600,1455
600,1431
600,410
600,559
1048,1297
1048,1274
1048,68
1048,600
1048,1237
1048,6
1048,319
1048,318
1048,59
1048,569
1048,642
1048,271
1048,1127
1048,856
1048,1129
1048,1045
1048,556
1048,1455
1048,628
1048,964
1297,856
1297,804
1297,1237
1297,1048
1297,1274
1297,6
1297,299
1297,681
1297,59
1297,802
1297,257
1297,68
1297,38
1297,271
1297,964
1297,600
1297,628
1297,558
1297,642
1297,213
1127,600
1127,569
1127,1045
1127,1152
1127,564
1127,1319
1127,1473
1127,1274
1127,820
1127,1203
1127,1048
1127,254
1127,1114
1127,410
1127,1456
1127,1028
1127,1383
1127,950
1127,1137
1127,1159
319,856
319,1297
319,804
319,1274
319,1237
319,600
319,1048
319,642
319,1066
319,679
319,68
319,6
319,46
319,318
319,1028
319,397
319,277
319,312
319,601
319,341
6,1237
6,642
6,318
6,391
6,1297
6,59
6,1174
6,728
6,856
6,314
6,558
6,1126
6,685
6,1324
6,556
6,36
6,628
6,681
6,818
6,802
1319,569
1319,820
1319,96
1319,1045
1319,137
1319,1096
1319,937
1319,1127
1319,410
1319,498
1319,600
1319,1114
1319,999
1319,1355
1319,161
1319,69
1319,1051
1319,1152
1319,73
1319,1203
569,1114
569,820
569,635
569,1203
569,560
569,509
569,1448
569,137
569,227
569,1340
569,1355
569,687
569,958
569,1051
569,1045
569,1106
569,567
569,1054
569,1096
569,498
1028,1104
1028,1066
1028,1274
1028,319
1028,600
1028,277
1028,244
1028,588
1028,1129
1028,231
1028,1221
1028,443
1028,312
1028,554
1028,1127
1028,135
1028,19
1028,938
1028,597
1028,1261
564,1127
564,1152
564,254
564,1473
564,1067
564,1166
564,1456
564,588
564,998
564,1132
564,1120
564,1383
564,1317
564,322
564,600
564,550
564,846
564,1449
564,569
564,1274
410,1045
410,820
410,1355
410,559
410,569
410,406
410,1114
410,1431
410,1319
410,1113
410,1051
410,1203
410,1096
410,1340
410,243
410,96
410,1050
410,554
410,1393
410,600
642,6
642,1237
642,318
642,1297
642,804
642,1455
642,685
642,855
642,856
642,1174
642,299
642,1158
642,696
642,319
642,815
642,409
642,928
642,816
642,864
642,818
804,1297
804,1237
804,299
804,1324
804,856
804,556
804,1174
804,558
804,628
804,729
804,533
804,802
804,1274
804,213
804,341
804,681
804,818
804,622
804,6
804,642
855,696
855,75
855,535
855,1158
855,685
855,6
855,642
855,1305
855,36
855,398
855,1237
855,1322
855,689
855,411
855,684
855,1391
855,1129
855,1350
855,329
855,1016
856,1297
856,1237
856,68
856,318
856,341
856,804
856,1174
856,533
856,556
856,6
856,642
856,319
856,558
856,299
856,1455
856,628
856,213
856,802
856,729
856,1324
1174,1237
1174,701
1174,318
1174,6
1174,642
1174,1371
1174,269
1174,1129
1174,1160
1174,43
1174,1385
1174,1455
1174,919
1174,461
1174,973
1174,411
1174,585
1174,856
1174,804
1174,1453
299,804
299,1237
299,1297
299,856
299,1174
299,341
299,1274
299,85
299,318
299,1324
299,818
299,628
299,729
299,533
299,558
299,556
299,815
299,483
299,802
299,213
815,299
815,1324
815,856
815,804
815,420
815,628
815,397
815,1174
815,533
815,1297
815,961
815,1237
815,85
815,1191
815,257
815,558
815,964
815,622
815,556
815,1360
409,1158
409,1027
409,1168
409,685
409,642
409,1084
409,398
409,696
409,864
409,684
409,1300
409,673
409,1391
409,1104
409,598
409,554
409,725
409,1455
409,855
409,75
928,802
928,691
928,556
928,1248
928,622
928,455
928,1297
928,628
928,964
928,213
928,1174
928,681
928,533
928,856
928,59
928,85
928,558
928,271
928,46
928,257
818,817
818,804
818,856
818,628
818,1174
818,556
818,533
818,1324
818,802
818,85
818,558
818,299
818,729
818,681
818,213
818,964
818,1237
818,1297
818,483
818,257
